T_mean,RH_mean,Wind_mean,PPT_tot,FFMC,DMC,DC,KBDI,Area Burned (Ha)
284.4893994412782,71.12233159975841,1.1377392886114086,0.0,87.77734375,21.5,415.25,12.3203125,3.863857915239477
292.2238310247997,70.6944206103761,2.65890620290337,0.0001840753982997,88.958984375,23.25,127.0,2.984375,0.91667516
279.5765777286827,89.2067101174731,1.8290810170730147,0.0003137228033536,69.041015625,8.5,166.0,0.16015625,29.5747335
278.8077017349321,73.20811372038715,2.894211254207121,0.0006162345890537,57.005859375,1.25,158.75,0.09375,2.0
285.3940551392872,76.02807245843911,2.0707005001964305,0.0018637085263631,85.310546875,15.5,273.25,4.4921875,2.905756900901062
291.61479921274827,79.61895964618178,2.995628253623753,0.0038973680938934,83.623046875,37.25,246.1999969482422,8.0703125,771.43943314
271.77331366804896,82.02881363486118,1.7221417508512866,0.0026136684739337,56.54296875,0.5,449.0,25.45703125,99.64097873111614
286.91245882144136,55.05331313555519,2.0397866839416734,0.0,89.2109375,61.75,844.75,118.1171875,1.165920175131105
292.5883612115916,57.61567996718498,4.001568811474763,1.23261528602453e-05,85.65234375,8.5,30.5,1.91796875,87.43521512470434
276.6029404635779,34.73210020644568,2.0842161825002683,0.0,91.19171905517578,11.5,402.7000122070313,0.06640625,63.0
294.66843094650454,54.24025878013823,3.5351554536758822,5.034174481166609e-07,90.658203125,101.5,933.75,86.50390625,2137.584112886057
292.0131604833195,80.82674825068865,2.0434217020671173,0.0056573787380286,90.5390625,20.5,188.75,3.61328125,0.330553393097316
283.4286272617868,71.73079082789299,2.221453521845392,0.0,85.740234375,90.0,1198.25,132.08203125,0.080158102030918
288.4039312218339,86.82694133957735,2.2710386404701293,0.0002340355744274,77.380859375,25.75,581.2000122070312,25.45703125,1.300159217670481
288.7662194359282,85.80395509256438,0.8713893475133675,0.001846992645536,81.9296875,17.5,436.4500122070313,19.01953125,0.345458340287498
289.1354533525213,58.01508069226285,3.6073875426413817,0.0,85.54296875,50.25,272.75,10.8671875,1757.04928803
294.5524208778199,55.49294025386306,1.3519968676089622,0.0,87.298828125,23.5,337.75,7.41015625,0.323267330673247
290.4863290777672,66.23967262634774,2.10690810532187,0.0001292921183316,76.90234375,23.75,426.9500122070313,9.09375,0.169150138969564
287.29834510974706,38.09049788058913,1.5179594991288372,0.0,92.96484375,284.25,1160.949951171875,109.12109375,10.203892458668772
289.20579903481286,66.56721333626045,2.89030651091495,1.7623758169840742e-06,89.751953125,79.5,1065.699951171875,154.9453125,0.010017698026758
286.42997600958296,63.06473122169164,2.3234126989103348,0.0,88.15625,18.0,108.9499969482422,3.41015625,0.801149561792259
291.2291288851287,61.31916416906706,3.1324557768735324,0.0,87.1875,32.75,449.029541015625,10.7109375,8.432781177941546
285.5078915392704,54.46382795877559,2.819565495715727,0.0,87.53125,8.25,16.75,1.08203125,114.66638061620576
285.783252916211,85.18228211786288,2.047129955136994,0.0018708052964154,45.45703125,3.0,4.449999809265137,0.21484375,7.183709
289.4435189917583,81.27784642079405,2.3990957822232666,1.0620881372658264e-05,87.783203125,36.25,93.75,7.51171875,1.59762824
285.5621507827231,69.41918301857795,2.9214627620362723,0.0004925277514607,89.814453125,30.5,291.75,6.86328125,6.596610713545016
280.0245127045536,74.24286704791913,5.036628698065651,8.326672684688674e-17,85.7561264038086,8.5,144.75,0.8515625,1.7358983378235544
291.16718833895044,55.79311629395212,4.087136505227759,5.226735693422344e-05,87.796875,17.25,452.75,25.41015625,2.295661997858679
284.53573547397895,61.72453614690088,2.828150761988037,0.0,80.390625,10.75,16.657270431518555,0.75,244.5355705194105
268.6585384766065,79.35146799754317,2.8223909272687906,6.631540032993322e-05,43.1171875,0.0,368.0,41.40625,14.725540622298364
291.1144090125109,67.26692917328646,4.323420864680474,3.929179512925443e-05,81.263671875,7.5,280.1035461425781,3.03125,2.103956300097777
289.2630671778722,73.8564521088842,1.212875147859106,3.885390795514698e-05,83.38671875,12.0,212.25,1.46875,1.049527299377191
287.14285163568354,49.14268031103617,4.114293341974563,0.0005526751420354,88.27734375,13.5,564.0,39.8828125,0.086751546064777
288.6489379439774,56.55002896743196,2.109057449234604,2.115453457244426e-05,89.484375,174.0,1065.1317138671875,114.546875,2168.363162999941
282.2241475421062,76.16560181920997,2.5690544018743373,0.0,76.697265625,13.25,161.25,5.14453125,23.89934244813933
295.5878922707611,55.14531349744231,2.8327403156089628,0.0,93.662109375,66.25,108.6999969482422,14.59765625,130.65821647836052
289.32611063315824,67.44295111959508,4.3301734219560215,0.0001062767451764,89.52734375,101.75,1362.699951171875,142.2890625,0.010270231663156
283.75666750850365,50.0455044078849,3.2593056445231845,0.0,83.82521057128906,9.5,265.20001220703125,0.46484375,36.513711424691024
294.14637137845483,67.03147123037502,1.9220252524227093,0.0,88.517578125,16.75,209.5,2.9921875,19.80001078696345
290.87376358831415,65.23537150669186,1.8904316260746248,0.0,88.091796875,8.25,268.70001220703125,2.265625,2.0
270.429195700809,41.38240769122324,2.838918318852246,0.0,60.484375,18.25,491.0,4.91015625,24.33413368149853
282.60203309017163,62.03188229097007,2.838944216009669,0.0,77.59765625,30.25,316.20001220703125,12.73046875,46.14352232685363
289.0759436971597,84.09445306569619,1.4986691215505623,0.0002035230314955,84.375,13.75,34.0,3.53125,85.75291161
287.2492550092739,49.720135354991335,5.204176610422593,0.0,88.30078125,20.0,662.75,37.7109375,162.63736105
288.319570435701,76.68352270636935,1.5696008217495585,3.834826396207497e-05,88.056640625,24.0,220.7469787597656,4.45703125,5.827942973862111
296.9555435559419,28.06443243871473,2.292057854125,0.0,91.04296875,90.25,941.75,87.7109375,610.5549158518393
283.9977077728634,84.94708096085633,1.6779798988409704,5.23384317420092e-06,84.0859375,6.5,114.6999969482422,1.2109375,55.87550182748386
288.76951639629664,58.99429972014645,6.128102283676154,8.326672684688674e-17,86.03515625,6.0,365.75,5.99609375,1.003729329284337
288.0257616708871,41.80454823814669,3.959234645515232,3.2251430882450013e-05,92.43359375,62.25,513.5,12.171875,89.23053169
266.78204801585053,52.6970924664968,3.536378957548832,0.0,85.154296875,6.0,67.19999694824219,0.0,64.0
270.72898676750026,34.31951135659992,5.746550629869277,3.264248784963161e-05,91.73571014404295,20.0,167.32493591308594,0.609375,48.0
284.9820502143827,78.90486906935477,2.0068247783556834,0.0,84.11328125,7.25,160.92364501953125,1.41796875,20.43977873805784
286.8453879037464,61.70749502024216,2.8504277485051297,1.6320312559523625e-05,89.53125,184.25,1549.699951171875,151.6953125,0.013492402914222
294.3795257816801,60.06206221099612,2.5841251855721263,1.6357683588624772e-05,90.12109375,22.5,281.5,3.171875,0.038186667202345
290.5415611223141,49.77338343595151,4.098264387043732,0.0,89.474609375,27.0,641.0,20.54296875,7.96077573
283.08394729164644,77.47517729442812,3.468217106877359,8.326672684688674e-17,84.689453125,12.75,760.5,72.42578125,0.019356046943416
288.4995980318565,56.94812419119612,3.24338967291543,1.0730200364073017e-06,89.3828125,135.5,919.1399536132812,76.4609375,322.54551154501627
289.9500540000659,36.19286099393768,4.237928324040825,2.697364618876527e-05,91.12890625,58.25,977.0,149.359375,0.020044512520212
290.2315513284823,39.03481854881462,3.5929171659779424,8.326672684688674e-17,91.919921875,107.25,1188.25,105.296875,0.010009602118202
280.8090077891896,75.9346323504624,2.553806188994854,0.0110333075104335,44.203125,1.0,1.25,0.05859375,3.06282939116607
289.9070871398058,68.88147732082719,3.17288539853002,0.0,84.89453125,14.0,468.1399536132813,11.9921875,0.200164712658204
290.8610417554808,79.35921264220393,1.592850190440813,0.0019887582616145,77.166015625,18.5,266.75,3.62109375,0.114974962041207
284.8510369583206,73.78874514100558,3.52471891763864,0.0021085270106044,70.5703125,2.75,64.0,0.13671875,1247.17852128
280.1423135838291,59.79667739156292,1.004953406232272,2.4324930849486948e-05,77.724609375,80.25,873.4500122070312,64.37890625,5.42719388903811
299.3618834784962,58.01106900799432,2.058421858081617,8.326672684688674e-17,93.3515625,52.5,203.4499969482422,15.37109375,82.0943060134145
293.02789977031483,78.52386131617267,3.794083380573407,0.0093022284313401,85.216796875,19.5,503.5,9.52734375,0.14513295849427
284.11656308325115,71.52728543365117,1.978932608468595,0.0,86.720703125,57.0,845.0,83.18359375,284.4221477855543
279.2249079995584,64.10721058810644,2.949035598958176,-1.6653345369377348e-16,77.580078125,3.5,132.5,1.53125,421.278126
290.7526646074664,57.746997639180336,3.0247818210355306,6.145555121322976e-07,93.072265625,127.25,1159.75,125.42578125,585.7772681387964
289.32611063315824,67.44295111959508,4.3301734219560215,0.0001062767451764,89.52734375,101.75,1362.699951171875,142.2890625,0.086405334093374
275.8291472314498,68.33695802884718,4.373063569472124,0.0004847133354096,53.544921875,7.0,27.5,0.0,50.0
283.55864270807564,30.667865673520662,1.60109327299378,0.0,94.244140625,93.5,495.5,27.56640625,25.900491715839124
290.99351003446407,65.07624260452353,3.2809273638193623,0.0006682051751956,84.056640625,18.25,446.7000122070313,19.96875,0.924901704433936
287.41412189304293,57.04679151120322,7.470584435703484,5.376305669713144e-06,85.78125,9.75,409.5,19.88671875,455.42761446
275.8417816989473,78.6563472678739,2.037981392218573,8.326672684688674e-17,83.984375,23.5,613.5,2.29296875,25.0
270.69910012828063,34.495827965760455,3.5373052491857178,9.239608557261305e-06,92.0699691772461,12.5,288.0203857421875,0.0078125,16.0
292.10642015760635,49.68191191538906,3.7886171093257546,8.301782001917529e-05,89.298828125,50.25,927.0,139.31640625,0.098895039664237
285.69287286753496,71.59156694642455,2.2830950846291875,0.0,86.39453125,24.0,577.25,90.33984375,0.010007312502078
289.00377293151223,73.96110793725643,9.808063041848175,0.0035833230381774,82.68401336669922,7.0,23.25,1.0546875,46.78359604
286.4069060335902,74.64215318602392,4.230344810396189,0.0011596719270521,84.59375,6.0,280.25,1.2890625,0.721649598363497
279.55810170820774,72.4479136854019,2.387526767288468,9.868396494000509e-07,73.716796875,17.0,86.69999694824219,4.5078125,0.10124340768512
292.2919034151915,58.98925766535621,1.8301592899943493,0.0,91.4921875,20.5,456.9500122070313,19.28515625,107.01407294784453
275.75654360320766,40.1864948145674,2.245009046674977,-8.326672684688674e-17,94.392578125,102.75,917.7000122070312,50.40625,71.27131495104946
295.690541413925,58.41869566284589,1.7033337602245744,0.0,91.1875,32.5,448.1502685546875,49.14453125,948.11128632
290.1702420953952,51.58183460777877,5.2258574007717735,0.0,87.33203125,20.5,261.75,13.6015625,10.07986447
288.912864474997,72.85264218355664,3.2602043620138184,3.640153604402008e-05,85.19786834716797,33.75,526.0,13.9921875,3.897241104920544
289.20579903481286,66.56721333626045,2.89030651091495,1.7623758169840742e-06,89.751953125,79.5,1065.699951171875,154.9453125,0.010017950123418
281.97976833681884,36.899249193319214,1.6849867074748446,0.0,94.82421875,40.0,474.0,8.109375,151.9890423614421
288.4995980318565,56.94812419119612,3.24338967291543,1.0730200364073017e-06,89.3828125,135.5,919.1399536132812,76.4609375,322.54551154501627
281.521469336799,70.5448431085849,2.724782536133763,0.0,89.36328125,37.75,160.0,5.16796875,107.60191247
290.7526646074664,57.746997639180336,3.0247818210355306,6.145555121322976e-07,93.072265625,127.25,1159.75,125.42578125,585.7772681387964
271.4068736177151,32.15464910184798,2.858191924571947,3.60336467863584e-06,82.400390625,4.25,11.25,0.0,4.0
292.0131604833195,80.82674825068865,2.0434217020671173,0.0056573787380286,90.5390625,20.5,188.75,3.61328125,0.608631128387203
288.3582414055615,69.23806101588973,2.390678099016213,4.366072745713365e-05,70.38671875,78.0,1283.64892578125,119.9375,0.030039241408234
284.575253281437,63.86549657346985,3.735844954629623,0.0,85.88461303710938,27.25,706.9500122070312,48.12109375,170.0669766287179
289.9070871398058,68.88147732082719,3.17288539853002,0.0,84.89453125,14.0,468.1399536132813,11.9921875,0.017185076699521
287.33436715911574,76.6822487764301,1.2454273972345946,0.0002648754194673,87.607421875,24.5,217.0,4.44140625,0.291155001358707
284.72684176310554,73.42520583124978,0.9241945775825048,8.326672684688674e-17,87.427734375,33.5,126.14915466308594,8.09765625,76.93319841376756
273.694112161641,44.20180713817183,3.001185070843843,3.690068958495801e-06,89.984375,30.5,393.7000122070313,0.17578125,206.0
291.0423643092012,50.081086782325606,3.344938808773048,0.0,89.662109375,14.75,267.25,2.61328125,60.65477529
284.08655810992946,72.78163899857218,2.288629538679773,0.0,87.080078125,39.0,731.5,68.21875,266.364071606602
274.3354577515106,55.86657386801144,0.9811476187655802,0.0004685750756432,58.5904655456543,5.0,6.5,0.24609375,7.866217212
285.39233158055055,66.1064114548304,3.8857768570188047,0.0,72.515625,15.5,157.25,4.09765625,851.96299624
279.769015626584,60.576358694721,1.4434402376094244,8.326672684688674e-17,91.26953125,60.0,714.75,63.921875,13.365994967922216
286.8453879037464,61.70749502024216,2.8504277485051297,1.6320312559523625e-05,89.53125,184.25,1549.699951171875,151.6953125,0.073129095594256
273.5378241409945,67.65244888774511,1.7524783699907556,0.0,87.267578125,12.75,119.6999969482422,0.33984375,30.0
297.68667496490525,61.08344282012575,2.971659308367295,0.0034444069630615,92.126953125,62.75,624.3899536132812,46.90234375,77.34234874
297.0483826909736,72.80709097167599,2.571418443918747,3.857102032544385e-05,87.037109375,14.75,41.70000076293945,5.59765625,0.8869978986754873
297.3379066579185,40.1672276706713,4.3963730630077285,0.0,96.6628875732422,39.0,403.4500122070313,19.8828125,543.58602535
293.4485967661323,50.360024987685286,2.8342658197192763,0.0,90.591796875,74.0,899.9500122070312,85.52734375,129.0481608
288.6489379439774,56.55002896743196,2.109057449234604,2.115453457244426e-05,89.484375,174.0,1065.1317138671875,114.546875,2168.363162999941
284.72329935767686,42.94475824447792,1.7992229942093565,2.036777836460571e-05,90.73828125,61.0,565.0,4.578125,20.0
286.6627817396524,60.79434262800911,3.0926462114570987,0.0,90.259765625,52.0,517.1178588867188,12.04296875,4558.81854226
273.0441897454087,71.52012978660055,1.0577948809239988,0.0,69.748046875,2.0,4.25,0.078125,19.96190981
291.15493663674744,66.87080925964335,1.805322774628621,0.0,87.39453125,25.25,482.75,16.24609375,7.23790942853943
289.027894758464,38.1239101335762,2.145326151707067,0.0,90.814453125,74.25,678.2000122070312,113.6484375,1078.360533329324
288.87264055705106,70.00118507722547,1.2021568324219667,1.343989101940113e-06,82.134765625,18.5,81.0,4.64453125,0.008940373325114
285.53080341686297,53.53818860597291,4.016237909090212,0.0,87.80659484863281,9.5,121.25,0.98828125,1832.139252213825
287.81043789618974,58.37528719617095,3.7413799565031214,0.0,86.7265625,93.25,1071.25,110.2578125,0.013497818602486
266.9831514593933,61.9404449116581,5.564348948084664,0.0044099295110025,53.72719955444336,1.0,1.0,0.23828125,39.55610134377636
286.7145915517077,83.52752314939556,3.753419866729492,0.0031159547207936,75.982421875,9.0,85.0,1.75390625,38.06329776
284.9412459566145,66.17819460234406,4.068829601503027,3.114179655126087e-06,88.109375,40.25,580.75,52.625,0.010014957819327
292.10642015760635,49.68191191538906,3.7886171093257546,8.301782001917529e-05,89.298828125,50.25,927.0,139.31640625,0.013495144672739
284.09600420574304,82.42047769894829,2.17516375911398,0.0,85.11328125,20.75,495.2624816894531,0.953125,7.00944602541644
286.66007404898727,89.20196968507064,3.4937454291394565,0.003372465156398,68.923828125,16.5,48.75,4.0859375,10598.49352743
275.5774847803702,41.055515927531474,1.622674387681778,2.8240230110200548e-05,91.234375,13.25,251.5,0.06640625,8.0
288.53509821050227,46.10876664017275,3.952659624041795,0.0015244520547496,89.07421875,23.0,626.0,54.1015625,0.0100193452476
280.02478674790035,55.04954318837846,2.594705436055835,-8.326672684688674e-17,83.2265625,7.0,46.25,1.27734375,44.27573285028739
285.7977520769012,83.09917537015059,2.4632669856633167,1.3044148120994886e-05,86.02446746826172,15.75,463.25,12.69140625,17.942061321704134
290.3664602948761,39.864588416632834,1.9977692902653104,0.0,94.552734375,63.25,151.0924835205078,19.5859375,104.8881319184264
287.81043789618974,58.37528719617095,3.7413799565031214,0.0,86.7265625,93.25,1071.25,110.2578125,0.077214834326208
297.9212432271638,66.9891570060074,4.344639534563622,0.000381369168225,89.86328125,94.75,717.0,39.328125,4.2512884
282.9677896853213,72.11673246868757,3.2166352458380367,8.37722258385451e-06,79.037109375,3.75,6.25,0.609375,191.82713323103928
273.77132471438017,43.84256615301822,4.769267511503982,0.0004270115352431,84.94140625,13.75,343.20001220703125,0.3828125,50.0
276.1317439889353,51.97609803748148,3.9491943544568944,0.0,91.46484375,61.25,615.5,15.23828125,463.828654050142
285.7513195211775,65.32936607319333,3.756462664929213,7.425076288581495e-06,72.4296875,21.25,198.75,5.62890625,0.879999449996934
296.442815970512,63.42896404554214,4.437627264504093,0.0,90.203125,22.75,378.4124755859375,24.125,66.48132862
285.3274928076905,86.13329950559813,2.657584840674803,0.0022363409650336,81.376953125,13.5,82.5,3.96484375,32.83416847
283.187253118212,68.68430215608286,2.4197942839065543,0.0,60.859375,6.25,115.25,1.25,281.06585649
289.329521293078,37.43077451582493,4.121583140089481,3.371499854568777e-05,89.96484375,29.75,766.25,138.66796875,0.010016253804222
286.42997600958296,63.06473122169164,2.3234126989103348,0.0,88.15625,18.0,108.9499969482422,3.41015625,6.304490306168103
287.8658037362484,65.03709017390987,1.5257279455330293,0.0022641972834941,88.677734375,68.75,429.4500122070313,15.65625,7.183204349364623
289.3203975691713,62.21140152789852,4.799126597421869,0.0003802356676603,74.314453125,57.75,800.9500122070312,101.56640625,1.463851012293185
288.5675758595357,54.63614631833744,4.336240079072034,8.326672684688674e-17,89.294921875,42.0,258.0,8.0234375,0.011214953136617
294.5900172411604,52.0914348563529,2.3616822593933606,0.0,93.201171875,46.75,589.0,21.14453125,177.11448103483528
289.2187043777349,65.71634671951563,3.469489859814621,1.154660018022613e-06,86.85546875,21.25,46.25,2.421875,543.8824684866111
295.096162702331,45.06592111386322,2.1259559271885813,0.0,92.525390625,160.5,359.5,39.53515625,13.043807125051396
285.8874861117692,81.41979710557263,3.7237659204040097,3.0382311880957497e-05,82.970703125,9.75,327.259765625,2.36328125,0.459382625177
289.07857664729954,84.13824195667439,1.5212154647540774,0.000762079104513,87.19921875,59.0,364.7000122070313,15.4296875,393.53807486
287.18810780583084,67.5708848721448,3.3742991329200063,0.0001156648046164,63.525390625,3.5,5.5,0.23828125,33.58747121
294.03558824786086,57.38446954961511,3.084485927763686,0.0004485375681133,90.11591339111328,31.25,311.70001220703125,17.0546875,4.491224505265055
295.84356292124966,61.911304781279874,3.6943810063081055,1.2132923684522734e-05,91.80859375,126.5,944.25,85.93359375,1069.4436527564055
292.9276853890512,73.73723604435854,4.044834975591726,0.0,84.32421875,10.25,176.9499969482422,2.35546875,1.08626257021221
284.99211739971093,66.46635757496567,3.976635066919219,6.228359310255643e-06,88.03515625,42.75,642.0,67.03125,0.010015657750001
289.32611063315824,67.44295111959508,4.3301734219560215,0.0001062767451764,89.52734375,101.75,1362.699951171875,142.2890625,0.013492108646644
265.8173611853267,72.0906507202099,2.6508783139164693,0.0,77.123046875,0.25,178.5,0.0,4.0
281.9517122099798,42.09610786914647,1.8913170662634733,0.0,92.5458755493164,9.5,208.25,0.61328125,103.6090599196136
290.11930052220595,49.98205635753808,2.736388175693589,0.0,92.0625,118.25,699.0,46.29296875,484.4852742168173
288.6489379439774,56.55002896743196,2.109057449234604,2.115453457244426e-05,89.484375,174.0,1065.1317138671875,114.546875,2168.363162999941
288.53509821050227,46.10876664017275,3.952659624041795,0.0015244520547496,89.07421875,23.0,626.0,54.1015625,0.010019093146509
285.59283978510524,51.62814201621664,2.4023664417378563,0.0,87.587890625,12.0,18.75,2.046875,346.815902
284.92256107507575,86.78147311921498,1.3968510841820478,9.09268569537075e-06,84.94140625,11.25,259.5,2.31640625,1.212807114206371
291.1144090125109,67.26692917328646,4.323420864680474,3.929179512925443e-05,81.263671875,7.5,280.1035461425781,3.03125,0.434924327204384
277.209492335376,58.526515194946256,1.9030707704644696,0.0026921895463024,78.990234375,6.25,130.13995361328125,0.19921875,88.0
292.10642015760635,49.68191191538906,3.7886171093257546,8.301782001917529e-05,89.298828125,50.25,927.0,139.31640625,0.013495790717509
287.9886737185288,74.48658832960085,1.7740770755988902,1.984812023566457e-06,84.806640625,11.25,81.61642456054688,1.8515625,0.0198341426585
282.5241487191326,81.64824762324733,1.409458861468874,7.410319970965751e-06,82.13671875,50.5,511.009765625,28.7890625,0.363943399761842
292.10642015760635,49.68191191538906,3.7886171093257546,8.301782001917529e-05,89.298828125,50.25,927.0,139.31640625,0.01349521349836
286.0057192627561,70.52537672834477,1.8583179488686208,0.0,87.474609375,23.25,349.8721923828125,2.953125,1.385728978758605
272.41345861179184,38.45323625541209,4.018999061807341,1.9323616097174923e-05,91.58203125,5.75,25.950000762939453,0.0,76.0
289.20579903481286,66.56721333626045,2.89030651091495,1.7623758169840742e-06,89.751953125,79.5,1065.699951171875,154.9453125,0.010018298035798
292.0131604833195,80.82674825068865,2.0434217020671173,0.0056573787380286,90.5390625,20.5,188.75,3.61328125,0.122722255221427
282.4201246605455,62.83822540735171,1.3049190992133886,0.0,87.8125,85.25,886.9500122070312,77.96875,12.5890099540665
293.93497228848247,65.07075246525942,3.293581286825141,0.0002845526632923,85.8203125,314.5,938.0,106.11328125,2423.164028
288.25249201846924,56.79600021202063,2.197009776097664,0.0004160146442725,88.619140625,19.75,47.85910415649414,1.3359375,263.0
287.2983147219197,66.04778379167684,1.7599129518276098,3.951360557568479e-06,88.5703125,14.0,362.7036743164063,7.9453125,2.553735531840019
275.71069455482103,43.58094884841066,4.4761355411533605,0.0001959069671288,86.671875,3.0,526.4500122070312,0.0,138.0
286.1737116111736,78.25064448977062,0.6576784810996278,2.608689919426921e-05,85.875,12.0,229.4499969482422,1.53125,8.250190945791308
292.10642015760635,49.68191191538906,3.7886171093257546,8.301782001917529e-05,89.298828125,50.25,927.0,139.31640625,0.744524631688002
292.8413222387741,60.13690782519305,1.7681496671590615,4.6187564927344105e-06,87.97265625,21.25,333.75,2.484375,1.13092042018149
287.48528208822427,65.33399837080528,2.7265470645934613,8.326672684688674e-17,87.16316986083984,19.5,338.95001220703125,3.296875,51.97128797444984
287.52348842697205,56.067607456216905,2.278906040444749,9.920742129270951e-05,85.53189086914062,7.0,11.75,1.046875,4.77416469208577
291.2648737384404,59.55994165918644,3.7235029570914784,0.0,92.05859375,68.25,785.75,72.32421875,4.9347083027e-05
277.3137169583965,41.978713478466425,1.4304489761688124,0.0,89.15909576416016,9.0,27.450000762939453,0.08203125,54.0
283.7496778795131,73.44712314333039,2.969308357408599,0.0001941976791287,82.8041000366211,9.0,485.4500122070313,12.8125,1.6869013059100002
284.541675073072,76.9519658091245,3.0443532645142866,0.001882412784596,79.693359375,7.25,19.75,1.37890625,3937.13662287
287.91850832021265,75.11520624992853,2.260901677567228,0.0001845611925717,87.21875,76.75,876.4500122070312,71.046875,286.3406525255525
300.052514760015,64.49434149770013,3.1040202191773107,-8.326672684688674e-17,90.3828125,45.75,429.7000122070313,27.16796875,57.96574873558202
294.0571331313883,47.50570603607054,5.788112310124418,0.0007368508658314,90.794921875,24.75,672.6481323242188,64.546875,241.8590875066857
287.7745174901408,57.25435221503388,1.453848969254559,0.0003987670121212,91.234375,81.5,598.75,38.1875,212.9006798950172
287.31310494863527,69.19141811915912,1.2461978663313318,0.0003396748874337,86.484375,13.75,338.05401611328125,1.87109375,269.06927346369935
283.8032269202437,79.7089059853254,1.680988961659353,0.0,86.08203125,17.75,285.25,2.70703125,82.48001799845288
286.48739845379845,65.50922914549777,0.9354782060059138,0.0,89.650390625,28.25,432.9500122070313,13.40234375,306.9264802635162
278.18420179465824,74.21711811882004,2.096369750573634,-8.326672684688674e-17,88.36328125,20.25,434.4500122070313,12.7734375,65.59044543025152
290.46176166089214,47.72227312500649,2.7497476177408515,8.326672684688674e-17,92.61328125,73.5,809.25,84.9296875,2.895069382932468
283.6376374350598,84.26021536925296,4.511693540716192,1.3110755286111636e-05,80.70703125,3.0,90.75,0.37109375,25.1432133296
294.7803011275697,48.26016725670518,2.1952887042803533,2.273520685814462e-06,90.12890625,17.5,429.0,3.25,121.88714052071302
275.5467580566201,48.55877282970716,3.484538766880592,0.0020472085446998,92.720703125,11.75,449.4124755859375,0.0,715.0
280.6904649272452,88.77058992792752,2.469445368335158,0.014217646281002,25.26953125,19.75,545.4500122070312,34.20703125,26.0
282.2318158981763,65.18933325685049,2.368889433313331,0.0,88.189453125,15.75,28.407270431518555,2.4140625,277.434011212759
289.2053620351134,35.038463724156856,2.1032613190696776,0.0003298839543304,92.15625,170.5,1368.0,102.18359375,283.5717489213263
290.84541756103414,56.00520023225536,2.3877564918480023,8.326672684688674e-17,87.248046875,6.5,87.75,0.921875,33.92748896864156
294.88938973981146,60.9869275531238,3.985557382281295,0.0001896927238225,92.048828125,21.0,178.75,2.22265625,212.95064246
275.9150914247252,53.03442619949677,1.9637302744665173,0.0,86.20703125,4.5,43.20000076293945,0.1015625,61.0
291.66748699887165,64.71596177893913,3.520294102349814,0.0,90.244140625,279.0,1347.5,105.65625,0.04300468609737
292.63727931700697,65.6963399946673,2.269814059479468,0.0,90.912109375,31.0,134.1572723388672,4.5625,208.7367507218451
272.1946199024864,81.18855913782299,2.9918588128925343,0.0076651183244733,26.080078125,0.0,166.25,0.0,0.4
280.8346184346967,37.91153174797416,3.48726329720114,0.0,90.43035125732422,23.25,87.12846374511719,1.25390625,58.0
288.19628424903965,47.81666596329797,2.1317220877163137,0.0,89.06765747070312,22.25,139.25,1.625,3.90645105
270.4797018846873,64.6800923386501,2.255537352911491,0.0,85.64453125,8.5,616.75,53.59765625,8.710315560795951
281.6786548190982,51.29192431846061,5.318698582345279,0.0,87.31905364990234,11.25,34.5,0.83984375,1501.2025920307512
291.66748699887165,64.71596177893913,3.520294102349814,0.0,90.244140625,279.0,1347.5,105.65625,0.013486597486584
290.1763649201516,43.92574215391235,2.7867149087090315,0.0,92.458984375,23.0,187.25,2.68359375,2.563311566668204
290.3578292960539,63.11592096256013,1.5310720436876466,0.0,88.38849639892578,16.75,74.25,2.79296875,2.363473654802016
289.99575429932906,73.27940913197291,2.97387934958717,0.0001379608436733,89.484375,61.75,260.0,14.66796875,606.0861551
287.2178731432017,55.84737345520268,4.2923556350835685,0.0,89.767578125,66.25,435.25,12.546875,0.09952713789568
286.6868150409811,72.30412200570835,2.4591037317387623,0.0001290742370829,87.099609375,113.25,1120.41015625,118.01171875,410.17783413698265
286.44242044691134,70.0879933291966,3.156871825512741,6.185283669329911e-06,72.904296875,4.75,12.5,0.28515625,201.54874962
287.06191208469545,40.61949508435511,4.257853010683953,-8.326672684688674e-17,86.85302734375,16.75,361.75,33.0703125,503.1231651708986
291.4447465696004,73.34758362209483,4.480729656683981,0.0006124455043314,87.548828125,66.0,845.4500122070312,74.80859375,193.09014838829552
285.5621507827231,69.41918301857795,2.9214627620362723,0.0004925277514607,89.814453125,30.5,291.75,6.86328125,0.581131224461465
288.5970663651879,63.33358545210168,3.263459184456206,4.7608275238374825e-05,90.673828125,75.75,1043.199951171875,157.59765625,0.020032334100774
289.1961031127583,78.28965249337867,1.593629391017546,2.329332745979948e-05,82.955078125,11.5,196.0,1.3046875,309.74111846
272.9264204967024,29.64488353063264,1.7630765183426789,0.0,92.001953125,12.75,244.4499969482422,0.0,3.0
294.7260568235643,54.06067982256528,3.524404114016377,1.5102523443499829e-06,91.09765625,111.5,1023.25,106.23046875,956.9662712511966
288.3582414055615,69.23806101588973,2.390678099016213,4.366072745713365e-05,70.38671875,78.0,1283.64892578125,119.9375,0.040051886591062
282.904234241427,50.59156253005571,2.2006565480573728,0.0,87.9140625,14.25,460.25,6.390625,3.522737306269186
287.5906391432231,73.25899828098115,1.047125470571805,7.657350040097752e-05,87.482421875,25.25,148.4499969482422,2.77734375,1.981431458876759
279.55810170820774,72.4479136854019,2.387526767288468,9.868396494000509e-07,73.716796875,17.0,86.69999694824219,4.5078125,0.013244271996059
295.5092809253149,60.93295029187234,8.350508521245281,8.326672684688674e-17,87.2734375,118.5,630.75,80.84375,554.64721009
292.10642015760635,49.68191191538906,3.7886171093257546,8.301782001917529e-05,89.298828125,50.25,927.0,139.31640625,0.013495123631906
292.0131604833195,80.82674825068865,2.0434217020671173,0.0056573787380286,90.5390625,20.5,188.75,3.61328125,2.668773913538109
292.454503276992,57.72212845922112,3.2556596977727814,4.163336342344337e-17,88.19140625,11.75,69.5,1.31640625,0.04
287.6665259058529,77.56810704565775,2.0502058499483007,6.524287508123325e-05,83.24227142333984,21.25,221.0,3.48828125,0.574430590449351
289.329521293078,37.43077451582493,4.121583140089481,3.371499854568777e-05,89.96484375,29.75,766.25,138.66796875,0.070114443115178
293.2476345152754,43.05762963575699,2.39968846410604,4.163336342344337e-17,94.80078125,349.0,865.25,67.484375,14.92811288739607
292.55793035804254,60.43621792371536,2.305810553587207,0.0024938772412056,90.5546875,15.25,155.0,1.9296875,7.907518868034891
298.1241379301476,51.03742465655091,2.5030317201551737,1.281965999959389e-06,92.765625,220.25,1136.25,121.6953125,318.07933305
283.02756699754207,49.30491459209881,2.5892365567039164,0.0,89.939453125,15.75,357.0,1.33203125,16.8
287.5626903042232,64.66140044163221,7.472790749351255,0.0015308381058317,88.33984375,23.75,393.5,31.2734375,421.23509858
285.45942401702143,76.60714421511425,1.9852378716561272,0.0001034284702884,83.068359375,7.25,398.25,7.921875,0.039713025369618
283.55187169553017,29.19714418943608,3.727672202987724,5.899762022393285e-07,94.025390625,150.75,1086.199951171875,160.80859375,689.4193731913599
289.20579903481286,66.56721333626045,2.89030651091495,1.7623758169840742e-06,89.751953125,79.5,1065.699951171875,154.9453125,0.010018493848387
280.67548807561616,52.887621437493074,5.004529455994433,8.326672684688674e-17,90.66796875,39.5,529.5,39.65625,13.45106185640916
285.5356342369286,75.15242402903625,1.3614690035751935,0.0,86.66796875,7.25,282.25,1.20703125,0.532660860951002
251.57509752089936,79.21102617261131,2.1592651871907496,1.274421941851317e-05,38.994140625,0.0,74.25,0.0,97.0
290.2856647234806,74.00347377302849,2.0461054618047165,0.0026199647064835,88.572265625,103.75,656.5,41.67578125,1443.24915064
288.2629882629486,46.803663643527166,3.806119035434165,0.0005177499944788,88.841796875,17.5,618.25,54.296875,46.81821960722036
292.10642015760635,49.68191191538906,3.7886171093257546,8.301782001917529e-05,89.298828125,50.25,927.0,139.31640625,0.027198469855852
283.00809596416417,51.41888618777889,2.3958320372632707,8.326672684688674e-17,88.50390625,7.5,13.75,0.80078125,114.68257063814464
288.3268763529888,69.49166915844015,3.2696661883564047,0.0050168646512844,85.015625,9.0,367.75,9.04296875,0.027830861303684
283.252000078186,73.19979703865512,2.746639085539398,0.0005514485340549,76.068359375,9.0,210.75,0.47265625,334.06913581
277.34461911108014,46.432019350807,3.068570061582715,1.5546522701803678e-05,90.44921875,23.0,41.95000076293945,1.6953125,2.1427490694461566
285.3062462846212,79.96897339180506,1.556714144152137,4.850375378260413e-06,85.505859375,8.5,127.75,1.6015625,61.77821405845827
285.7513195211775,65.32936607319333,3.756462664929213,7.425076288581495e-06,72.4296875,21.25,198.75,5.62890625,1.04000008809256
294.66843094650454,54.24025878013823,3.5351554536758822,5.034174481166609e-07,90.658203125,101.5,933.75,86.50390625,2137.584112886057
290.41444459100546,72.28137598848873,2.415534785143888,0.0,88.453125,67.0,322.75,14.05078125,6083.46291331
286.6868150409811,72.30412200570835,2.4591037317387623,0.0001290742370829,87.099609375,113.25,1120.41015625,118.01171875,410.17783413698265
292.51373881356614,65.26795350366909,2.5894025360270825,0.0006234940642423,88.8203125,41.0,289.25,10.03515625,0.772606446322817
298.8461316931667,68.85417422863343,1.6832111023339575,0.0002616244455471,89.380859375,86.5,320.5,56.24609375,11.280805667075246
284.5285478967889,73.25340871527477,2.050131525533069,0.0,77.80078125,34.25,237.25,9.7109375,0.614556597730998
288.6489379439774,56.55002896743196,2.109057449234604,2.115453457244426e-05,89.484375,174.0,1065.1317138671875,114.546875,2168.363162999941
287.1681787028859,58.94653444052978,1.748881434050425,0.0,88.6484375,143.25,1068.1302490234375,100.34375,309.8060863142692
285.83896360361,52.946042227263206,2.517111025365334,0.0,85.45703125,17.25,48.47320938110352,0.9375,40.833410754396354
288.7821419692952,72.9517953344638,1.855262348013924,0.0,86.453125,19.25,321.5,4.65625,5.845975021545292
288.88435315753765,49.90816749659,2.2781415114225294,0.0,88.1796875,20.0,292.45001220703125,3.15234375,0.490554855841552
282.89166839992566,79.73169801815251,2.3221484824003458,6.364134894631945e-07,84.63949584960938,7.5,92.25,1.04296875,0.212623281868409
288.6489379439774,56.55002896743196,2.109057449234604,2.115453457244426e-05,89.484375,174.0,1065.1317138671875,114.546875,2168.363162999941
284.45590104315016,64.83351265930534,1.0789936765705288,3.540931193949173e-05,89.650390625,35.5,622.7000122070312,13.359375,6.230007787860349
284.5829141545309,88.89867728971808,2.7129886542994144,0.0007392862694325,84.4296875,17.25,95.0,4.2734375,485.95593077
270.88120760089697,69.6852954459595,3.300085402638345,7.1723561600248176e-06,75.05078125,0.0,424.4500122070313,0.0,52.0
278.20936412472776,67.97465817887176,2.3017734805594388,0.0,62.771484375,2.75,45.25,1.46484375,22.4
287.7379649729276,60.68895128456103,1.1985487629784408,0.0,94.193359375,65.75,817.5,85.10546875,87.71460210877798
290.8816645048024,63.979222644926445,3.79621316959816,0.0,85.0546875,11.5,35.5,1.7109375,34.20944602
288.3582414055615,69.23806101588973,2.390678099016213,4.366072745713365e-05,70.38671875,78.0,1283.64892578125,119.9375,0.020026532306468
282.9212077021491,69.11994235793134,6.660753661345175,0.0012414537963336,58.330078125,6.5,141.5,0.28125,67.25264886
286.4310528285125,78.37295907649242,1.894522653838829,0.0,81.93359375,6.75,207.0,0.765625,64.5020494
286.0501737194845,79.74336387179751,2.6270447801940704,1.6717568926464393e-05,86.24609375,19.5,467.3924560546875,11.05078125,19.88008688444321
283.1058324334452,76.10128018912262,4.018439705770461,0.000421446540803,80.595703125,10.25,391.5,5.55078125,0.694155867465742
290.68076408553526,82.0261500723414,6.068960661517689,2.160953558225792e-05,83.552734375,15.25,357.05401611328125,2.3203125,14.522726872786082
295.84356292124966,61.911304781279874,3.6943810063081055,1.2132923684522734e-05,91.80859375,126.5,944.25,85.93359375,1069.4436527564055
295.1025771586745,37.091968131839295,1.5079290155734366,8.675113924969807e-06,96.00406646728516,150.25,841.9500122070312,63.40625,3.25884479056993
292.7540847253321,87.50609828921067,2.3210893397982257,0.0077391383707329,51.638671875,22.5,680.4500122070312,45.76171875,172.94063818
273.7847259646384,68.71566937157479,4.781220449327623,0.0007798093875786,55.408203125,0.25,117.0,0.08203125,50.62505583483025
283.97979879059847,76.49652439062775,1.8019248826680856,0.0004767006549897,69.796875,5.5,83.0,0.140625,2.32958909
296.56007699504295,39.08118724346642,2.8460901003083183,8.326672684688674e-17,93.23828125,79.75,509.25,77.8984375,101.67015311
289.69713700777214,65.6144752568536,1.9157452140979752,1.2149659153956605e-06,87.759765625,26.0,61.0,3.22265625,140.63325326
289.1251011797909,72.7317040182387,1.8667346656678887,6.521724798629752e-06,87.44140625,24.75,449.9500122070313,16.02734375,86.90437533826885
273.85613208812265,46.51056510104985,2.7942183202790254,3.6285406443646575e-06,89.234375,23.0,238.1999969482422,1.125,25.0
288.7433022298593,51.02042270017554,2.785116303957642,-8.326672684688674e-17,91.6640625,35.5,520.2000122070312,34.046875,3.225075002422128
270.7690517853248,58.60363937189919,0.8977162078734153,0.0,85.650390625,1.0,46.0,0.0,377.0
288.593060140118,66.10285597201486,4.299511013877755,-8.326672684688674e-17,86.734375,7.0,190.25,2.44921875,166.4239647561575
291.4447465696004,73.34758362209483,4.480729656683981,0.0006124455043314,87.548828125,66.0,845.4500122070312,74.80859375,193.09014838829552
292.55793035804254,60.43621792371536,2.305810553587207,0.0024938772412056,90.5546875,15.25,155.0,1.9296875,0.291827393153219
278.115770744062,81.91402443536039,1.3181844443108954,0.0043501266091345,28.140625,0.0,1.25,0.33203125,32.4
288.29262809384176,65.40634271481461,3.0815570542046857,0.0,86.240234375,12.25,515.4500122070312,17.515625,6.919168204094183
289.73865495356694,46.16876436257346,3.382292724315558,0.0,91.748046875,18.75,46.99698638916016,2.578125,72.0
293.13564734293294,64.3401869521221,3.004180162621267,6.431367820664002e-07,89.80859375,74.25,723.5321655273438,45.57421875,322.70974319
286.27117591522506,55.35352253263772,2.661307441025908,8.326672684688674e-17,89.126953125,47.0,490.3991394042969,10.94140625,268.11430447548406
287.36279896412253,70.75666463764604,1.2489143762195558,1.1897171865945385e-05,88.283203125,31.0,329.1044311523437,9.71875,0.087293623747848
293.31365502048544,53.12252411426697,1.57610547247029,0.0,91.15625,277.75,830.0,95.703125,87.201433
288.6489379439774,56.55002896743196,2.109057449234604,2.115453457244426e-05,89.484375,174.0,1065.1317138671875,114.546875,2168.363162999941
289.4194577255487,58.09877386621972,1.2757721116153404,0.0,91.1484375,183.5,724.25,32.0234375,11.912348025902764
277.57377334469066,53.98183598252816,1.7629797614308602,0.0001663834467336,75.0730972290039,3.25,29.37347412109375,0.046875,179.93656659930912
293.7447742757499,52.092688257893705,1.8794012377847893,8.326672684688674e-17,90.703125,20.75,172.0,2.55859375,60.7589888326054
285.37302454114365,74.54562709378487,2.4319405804244263,0.0,87.15234375,15.75,307.5,2.65625,0.920176718377637
288.6557131406617,30.87607123240309,3.1799627005347446,0.0,92.71976470947266,31.5,85.59581756591797,3.62109375,894.6486180828558
286.3863164841205,34.306154272408016,1.5655172780339486,0.0,92.765625,39.25,133.25,3.15625,0.3883577291496917
276.35723948140475,35.66588437124671,3.98841203366741,0.0,92.599609375,14.75,308.95001220703125,0.1015625,49.0
284.4221922185274,39.5500436481997,5.250978316220678,0.000223138863427,84.96484375,6.25,192.0237579345703,0.22265625,103.0
285.6734713918289,84.61858038309659,4.617698957819648,0.0017412748213531,72.275390625,7.25,101.5,2.35546875,1347.06591062
284.58577170258576,57.11290262252036,4.409994464624179,0.0003309671757264,90.96484375,23.25,237.3934631347656,0.94921875,52.0
281.45758439687853,54.49032241446989,2.7929401792477293,0.0,87.25390625,123.75,466.25,28.1640625,82.46021834430869
292.73938275522045,66.05613260562245,2.412131506431461,0.0,88.43359375,58.5,449.0,19.14453125,5.709022365631151
274.5468747084051,41.408881421881695,3.064432224348652,0.0,91.251953125,12.0,363.6952209472656,0.01953125,105.0
289.8148932132811,78.30008555693267,2.746531782287247,0.0203467604787751,88.13671875,52.75,437.4500122070313,11.1640625,112.11084919579122
283.4286272617868,71.73079082789299,2.221453521845392,0.0,85.740234375,90.0,1198.25,132.08203125,0.020039346828583
272.6236282503744,62.55640439148042,1.1672601890826415,0.0004893120675504,80.740234375,13.0,348.25,28.3359375,35.937741445315694
277.42798826149846,67.46382787748287,3.8479572578143135,0.0001899289413236,83.486328125,23.25,513.5,0.94921875,80.0
285.45942401702143,76.60714421511425,1.9852378716561272,0.0001034284702884,83.068359375,7.25,398.25,7.921875,0.188930404370479
278.88307231864485,72.12582727971714,1.0358169305960236,6.5580480417097575e-06,77.455078125,2.0,6.5,0.25390625,1.8618
289.20579903481286,66.56721333626045,2.89030651091495,1.7623758169840742e-06,89.751953125,79.5,1065.699951171875,154.9453125,0.010016750140457
290.40923044157773,73.98588917133809,2.150847247318125,0.0005677590090695,84.677734375,10.75,285.95001220703125,1.8046875,5.663310190104968
286.8550787361036,75.90112424795308,4.393100999377047,7.642798913978094e-05,84.109375,6.25,18.75,2.015625,415.207836
289.6897924957772,37.25895054477397,3.325785007763981,8.326672684688674e-17,93.08895111083984,36.25,92.9499969482422,8.75,175.74522802534943
282.7190084530888,74.39573162779067,2.313463233431773,0.0,80.4921875,3.25,8.25,0.3828125,35.0224712388
281.6839517820859,52.21705325815875,2.283794477451224,1.0240651526008393e-06,77.822265625,8.0,22.25,1.140625,90.0
283.205443386236,67.7335098819381,1.1996453728821377,8.326672684688674e-17,87.37109375,33.0,436.6624755859375,13.07421875,123.51303191263966
270.804614112147,41.91346038346487,2.067207391448657,1.089377137976355e-06,90.5940170288086,8.5,146.0,0.0,732.0
285.9023684639505,57.79105731960186,3.52368533637508,8.326672684688674e-17,84.759765625,10.25,106.75,1.0859375,430.5146052185797
287.81043789618974,58.37528719617095,3.7413799565031214,0.0,86.7265625,93.25,1071.25,110.2578125,0.03103440710706
286.7049776245236,87.34056485136932,2.7179286457897622,0.001192931575326,64.783203125,1.5,4.25,0.21875,14.77665519
299.0608899328194,80.9911643078784,2.627054023687427,0.0009058594527224,86.08232879638672,29.0,197.25,22.5,1.883691713166965
278.0148276004125,75.40836197593457,2.5388571436567275,0.0030876441871627,70.419921875,10.25,59.75,0.05078125,0.006981949657623
286.42997600958296,63.06473122169164,2.3234126989103348,0.0,88.15625,18.0,108.9499969482422,3.41015625,2.150582479168115
289.20579903481286,66.56721333626045,2.89030651091495,1.7623758169840742e-06,89.751953125,79.5,1065.699951171875,154.9453125,0.010017745926687
290.8610417554808,79.35921264220393,1.592850190440813,0.0019887582616145,77.166015625,18.5,266.75,3.62109375,0.564772681810527
301.0014658950576,80.48459005086279,2.9553611277346747,0.0035660851125981,79.259765625,5.5,186.5,3.3203125,3.029735721239927
289.4409712389981,72.44564509693713,1.7850452271501709,1.3077095165271724e-05,88.732421875,27.25,557.25,22.16015625,1.261832605590749
285.5356342369286,75.15242402903625,1.3614690035751935,0.0,86.66796875,7.25,282.25,1.20703125,1.48665493486588
287.4541052941117,47.96679692414559,1.9938987996187176,8.326672684688674e-17,91.42578125,19.75,30.700000762939453,1.6328125,327.0
286.8453879037464,61.70749502024216,2.8504277485051297,1.6320312559523625e-05,89.53125,184.25,1549.699951171875,151.6953125,0.056608138878541
289.5969611696996,86.2985153143923,2.6141823904411523,0.0001873448539984,83.5859375,13.25,425.2000122070313,1.453125,3.989299452111359
295.84356292124966,61.911304781279874,3.6943810063081055,1.2132923684522734e-05,91.80859375,126.5,944.25,85.93359375,1069.4436527564055
288.4995980318565,56.94812419119612,3.24338967291543,1.0730200364073017e-06,89.3828125,135.5,919.1399536132812,76.4609375,322.54551154501627
288.3582414055615,69.23806101588973,2.390678099016213,4.366072745713365e-05,70.38671875,78.0,1283.64892578125,119.9375,0.010013111117894
282.1429294454257,48.00035427821271,5.830761088055254,0.0022144927962216,85.8046875,7.75,189.4499969482422,0.140625,11.0
290.82872778918744,57.70923331315719,2.080877928681059,0.0,93.427734375,36.75,135.5,7.98828125,134.50926097
268.6984869733283,48.26958099136396,1.5231571338519398,0.0,89.779296875,9.0,335.25,0.0,4.0
292.47043647886613,77.62986936391947,2.946034698928191,3.120131660913628e-06,85.02794647216797,25.0,281.0,8.00390625,1.786499788175543
287.91019547607567,82.00568159253395,1.7093072871973611,3.862867765301245e-05,85.712890625,20.0,358.95001220703125,2.33984375,6.168507407109455
283.43544096727913,54.05299799502179,2.9338777620774743,0.0,88.244140625,15.75,25.849365234375,1.328125,47.39590134531835
270.68656229004006,63.79624727349114,1.209160398402657,0.0011054647255708,55.91015625,16.75,455.0,18.4921875,64.39072678451407
295.7823971888294,70.78112392637739,2.550134451200577,2.3391688357351365e-05,89.294921875,33.25,195.0,10.69921875,30.98
280.4878864773319,79.88338422883768,2.267769274906725,8.326672684688674e-17,85.009765625,16.25,71.75,3.61328125,0.5183079826107794
287.9660511946756,63.879948673624256,4.437000973521811,0.0,89.42578125,42.5,614.7000122070312,45.375,30.78768333
287.43367035267346,63.92652020890476,7.34637442731668,0.0011287185864299,74.607421875,9.75,117.25,3.6953125,36.13040048
288.66588369746734,90.62650781762775,9.207600172143016,2.69484702238032e-06,78.171875,10.0,110.75,2.640625,0.009325003715349
293.92008450207624,60.27068247173057,2.512439662216273,3.267170943314912e-05,89.0988540649414,22.5,48.2795524597168,2.3359375,54.46015570132226
283.7049764824371,84.23400893209813,1.458896388682162,8.326672684688674e-17,57.23046875,1.5,13.949999809265137,0.265625,8.860733
286.3418863820295,77.61824458039005,2.917247315755691,0.0002035177343559,87.099609375,11.0,274.0,1.97265625,0.348752301273464
284.08655810992946,72.78163899857218,2.288629538679773,0.0,87.080078125,39.0,731.5,68.21875,266.364071606602
284.304637415021,75.26409155063968,1.139939845802932,0.0,82.693359375,43.75,292.0,7.046875,883.39400664
292.55793035804254,60.43621792371536,2.305810553587207,0.0024938772412056,90.5546875,15.25,155.0,1.9296875,0.518962469674828
283.46354530378363,86.0227218411659,1.335422953201338,0.0018063612852896,82.58175659179688,8.0,16.899999618530273,1.1640625,9.5
288.8543602712602,73.61463182528858,3.047760916219723,3.166234238769633e-06,86.701171875,9.75,57.5,2.04296875,153.83232293974922
294.41531240660504,27.48253082081713,1.744687160383527,1.6073035096590691e-06,97.255859375,140.75,328.75,16.01953125,288.3798439283902
300.5837500882189,76.29313834862108,3.6180034588743135,0.0003251989399346,81.10546875,5.75,170.6999969482422,5.04296875,69.2
283.056196734013,77.31780020420763,2.6540639733305027,0.0015777326642684,68.083984375,3.0,148.0,0.39453125,65.28951469
288.04634988088884,76.64671723201344,3.222018194584663,0.0,85.21455383300781,14.0,169.75,2.12109375,2.812028169512212
268.6332523240062,34.576687001485816,5.20856773819591,2.346178814192218e-05,91.65172576904295,22.75,163.32493591308594,0.3828125,42.0
289.12064468661805,83.06412032417352,3.2518572451961574,0.0,85.337890625,28.0,473.7000122070313,11.86328125,107.57492820750028
282.0200279680218,71.10575240474789,2.4346768491551924,7.433608466967181e-05,82.361328125,11.25,407.4578552246094,2.859375,21.7657249276
290.3060051315441,79.23474244399073,4.037454610424212,0.0002454830569756,72.740234375,34.25,826.7000122070312,50.015625,19.19192158
283.04505677607125,69.11166517314703,6.491919376883231,0.0011526321158034,57.96875,4.25,38.5,0.3359375,38.51200551
292.0131604833195,80.82674825068865,2.0434217020671173,0.0056573787380286,90.5390625,20.5,188.75,3.61328125,0.199749828124479
288.98162701870893,68.78834404728137,1.5005270355350913,8.326672684688674e-17,89.1015625,29.25,77.0,4.1640625,0.541685034345724
289.3585769318766,84.24070659521833,2.158218828601754,0.0,78.599609375,35.25,275.5,13.171875,1.963122781314583
273.3800666763329,38.764658672008885,3.013387948512374,0.0,90.52734375,5.5,165.75,0.00390625,3.0
287.29289942736216,72.3728044544006,4.345644585478456,0.0007650941519838,64.814453125,6.75,410.9500122070313,0.18359375,1.44802182
277.6852549421066,49.10746412300194,1.6627913178600318,0.0023593212504481,93.0390625,28.0,174.1999969482422,0.3046875,25.0
301.5030381820004,57.60313134267707,3.8030231305360513,0.0,93.314453125,105.75,335.88995361328125,46.4296875,2006.06451635
294.7260568235643,54.06067982256528,3.524404114016377,1.5102523443499829e-06,91.09765625,111.5,1023.25,106.23046875,956.9662712511966
278.4300913242961,52.361356793764,2.134370225334833,0.0003749938278427,88.07421875,8.5,398.0,0.0390625,755.0
288.4995980318565,56.94812419119612,3.24338967291543,1.0730200364073017e-06,89.3828125,135.5,919.1399536132812,76.4609375,322.54551154501627
284.60609039657766,53.1176729647892,2.6151758553267617,0.0,89.22116088867188,10.0,348.25,4.3515625,351.963119349694
288.6489379439774,56.55002896743196,2.109057449234604,2.115453457244426e-05,89.484375,174.0,1065.1317138671875,114.546875,2168.363162999941
285.21222867474745,77.17802114676854,2.2716532141047776,0.0005506097232635,82.87890625,8.25,127.5,0.7109375,4.180877526262327
286.8338321782245,72.04887000947247,1.834949184673935,9.7007507571939e-07,87.361328125,11.25,178.75,1.6953125,3.623640852909094
267.9890166313558,80.69281755268648,3.139810604285364,0.00268224364276,78.029296875,7.0,420.25,10.26953125,104.8523666152714
287.14287010793487,81.45446897677049,1.972203839142248,0.0001556498119603,86.46875,33.5,97.25,7.85546875,29.45068982
286.992481765158,76.48841114463018,0.8683202395533854,0.0007634941393173,86.26171875,12.25,402.1613159179688,8.61328125,62.68742110869034
290.11930052220595,49.98205635753808,2.736388175693589,0.0,92.0625,118.25,699.0,46.29296875,484.4852742168173
302.6222362871744,13.64379473359615,2.1823240372516177,6.547933997617938e-07,98.251953125,471.0,897.75,83.6640625,846.0456744893171
270.89751613306424,44.50182627426961,2.295272812618919,0.0,90.01470184326172,10.25,235.5,0.0,45.0
284.9412459566145,66.17819460234406,4.068829601503027,3.114179655126087e-06,88.109375,40.25,580.75,52.625,0.060089924005107
278.90616585951625,61.066451932008505,2.229769824331792,0.0,86.3125,6.75,11.0,0.5390625,170.93692971903252
279.95133488865093,79.9250189817778,1.6600488596133969,0.0203200478767913,31.017578125,9.0,465.7000122070313,35.77734375,1370.8000000000002
288.461634594368,64.46445696869723,3.821565973827566,1.8793523767286074e-05,87.44962310791016,57.5,1034.449951171875,157.60546875,0.060098073847958
289.059059434409,76.57826678692045,2.05188024719035,7.370329477299209e-06,87.998046875,22.5,228.25,2.0859375,0.280000116667802
278.8199474699754,58.55127600769891,2.1707232839007333,0.0006056111900845,86.001953125,17.5,176.64999389648438,0.078125,72.02202296180316
290.7319028984752,70.1060391937067,2.372824319479976,8.326672684688674e-17,87.236328125,15.5,262.70001220703125,2.38671875,1.474129669933689
285.37302454114365,74.54562709378487,2.4319405804244263,0.0,87.15234375,15.75,307.5,2.65625,0.031376834383796
265.0711562022439,72.97583673165673,2.9369692271767014,0.0001982832872495,83.22265625,19.25,437.25,0.0,93.0
288.6215256814526,77.6021459936287,1.879635241004304,0.0002776625981061,85.14453125,12.25,289.25,1.22265625,1.11779338702133
291.7401940669108,75.45293060896854,2.301200607629064,3.640153604399232e-06,87.00060272216797,31.0,266.5,8.3046875,11.335666430396438
276.2620852811912,75.11870627115012,1.768360004758624,0.0,85.08203125,4.0,6.0,0.08984375,141.85067651889213
275.9906587183195,38.81835974889688,3.156617548311487,0.0,90.7109375,24.0,173.8924560546875,0.5703125,165.0
270.64746049894336,48.56356290208785,3.0442814439936154,3.866469529196018e-05,88.2890625,12.5,325.0,0.0,27.0
287.1681787028859,58.94653444052978,1.748881434050425,0.0,88.6484375,143.25,1068.1302490234375,100.34375,309.8060863142692
288.66077532242,72.6739498930438,2.4813317499666927,0.0001575007838928,87.16717529296875,71.5,866.7000122070312,120.71875,0.020023263321023
287.81043789618974,58.37528719617095,3.7413799565031214,0.0,86.7265625,93.25,1071.25,110.2578125,0.013494676161844
290.0023649398857,77.8012606056687,1.9133814520609784,2.3143959764382327e-05,86.4140625,16.5,246.5,3.4609375,893.29416247
275.08754725002177,44.30755676875141,1.6468574121292263,0.0012817100928997,89.623046875,3.5,116.0,0.0078125,78.0
272.37215659093266,52.83039408953476,1.1814920159112268,0.0,87.388671875,10.5,46.95000076293945,0.34765625,33.0
289.4139276293533,43.12952102281932,5.524838225278187,1.5965637045894931e-06,90.84260559082033,19.0,31.2597770690918,2.23828125,385.2362740066344
272.47317435542675,86.10330430923499,1.4344710117101924,0.0163079219970219,20.431640625,0.25,261.0,0.0,37.23230973888483
288.461634594368,64.46445696869723,3.821565973827566,1.8793523767286074e-05,87.44962310791016,57.5,1034.449951171875,157.60546875,0.010016359891916
291.8972232509157,65.32130932747482,3.80509225257246,3.182067447321871e-05,89.80355834960938,123.5,422.5,39.4375,3093.08
278.24343341521035,41.0178118028271,2.3129473170954507,0.0,90.97159576416016,10.5,181.6999969482422,0.171875,81.0
291.3539269235601,61.43060804543211,2.2070949650569385,0.0,93.318359375,38.25,114.25,8.58984375,1215.62038297
287.5139329995256,47.56631833366199,2.036948468445447,0.0,91.125,90.75,131.75,10.4765625,2.520545170128065
282.56669425455016,47.86915344558889,3.16441438560506,8.330887164694975e-05,88.271484375,13.75,148.9499969482422,0.7578125,6.0
287.5001098854071,57.87326440876825,3.399038480495513,4.58020670462099e-06,87.154296875,8.75,181.0,1.828125,182.02025125217864
285.59366235849507,74.19053442485951,1.683254052345582,0.0,88.896484375,46.0,114.25,9.4296875,19.18247202
292.1641809414809,49.41333347233512,1.8238726905410028,0.0,94.302734375,222.25,582.5,33.05859375,1509.896320094813
291.49243640238484,76.93509343786742,4.129873181331671,1.9101136232775595e-05,87.5625,22.5,189.9499969482422,2.01953125,497.28941471403607
294.7260568235643,54.06067982256528,3.524404114016377,1.5102523443499829e-06,91.09765625,111.5,1023.25,106.23046875,956.9662712511966
289.9511242806662,77.57593681804175,3.2577153144794964,0.0002858174135885,85.818359375,31.75,180.0,2.734375,134.71708986
288.4995980318565,56.94812419119612,3.24338967291543,1.0730200364073017e-06,89.3828125,135.5,919.1399536132812,76.4609375,322.54551154501627
281.67961305755045,75.28389985138787,1.3662293935157672,0.0,84.892578125,31.25,129.7737579345703,8.8125,0.763895087396294
288.66077532242,72.6739498930438,2.4813317499666927,0.0001575007838928,87.16717529296875,71.5,866.7000122070312,120.71875,0.010011697181867
287.10316470860243,66.43040157744925,1.6799071982278977,0.0002792496007647,84.18359375,9.75,275.75,4.3984375,46.63079018
287.90756033142605,72.4963891128052,2.4887353260017977,0.0115284843847057,88.25390625,26.25,99.32595825195312,5.13671875,1.281247177681966
275.3495632766132,66.70051019239983,4.903339229071461,0.0093096440775559,80.75390625,13.0,38.666534423828125,2.2109375,2.166051211423146
287.81043789618974,58.37528719617095,3.7413799565031214,0.0,86.7265625,93.25,1071.25,110.2578125,0.031033159047581
287.90756033142605,72.4963891128052,2.4887353260017977,0.0115284843847057,88.25390625,26.25,99.32595825195312,5.13671875,3.26412226782843
284.7548386688452,72.48725293111319,2.0038706617526136,0.0,80.71875,10.75,221.39712524414065,0.87890625,0.755594675041097
288.600615131026,56.76541559943578,2.0164048949885807,6.144888613899765e-05,89.521484375,177.5,1079.8817138671875,117.23828125,341.6335826252248
277.17734902450746,69.6470451267075,2.186120021199955,0.0017967829654005,71.234375,18.0,330.70001220703125,2.39453125,154.0
292.2079239170332,80.62824643377976,1.9110020833715424,0.0,77.935546875,6.75,91.0,4.7890625,0.4
289.329521293078,37.43077451582493,4.121583140089481,3.371499854568777e-05,89.96484375,29.75,766.25,138.66796875,0.010016357977476
292.7021992845687,48.13914487622443,4.477921684274108,0.0,89.14453125,65.5,1007.25,127.0,0.013495554973575
289.40554861295044,67.16498791789975,1.4066257225961547,1.1099544879742546e-05,88.154296875,45.75,393.9500122070313,8.81640625,461.4246409
281.7744071164948,63.66872900734893,3.920672090664256,0.0,85.650390625,17.5,227.9499969482422,4.375,26.597178015767504
284.9412459566145,66.17819460234406,4.068829601503027,3.114179655126087e-06,88.109375,40.25,580.75,52.625,0.040060174997058
284.9866269269059,80.1339347788904,1.7274042283170497,2.4852316399121e-06,83.88038635253906,44.0,385.0,18.89453125,1.277911118683968
285.6651365039461,51.93863136883629,3.3067688578806766,0.0,91.330078125,40.5,363.25,11.81640625,1.875192
282.19842140021154,83.92149369754733,3.002776738635882,0.0001871284862182,84.7265625,31.0,214.5,8.55859375,3.005847859033938
273.9748051448236,45.00029847984624,2.5658356951213084,0.0010873330677579,91.517578125,9.5,339.4969787597656,0.0,911.0
285.7760300429281,72.8575928718348,2.8324434991543264,0.000145919752305,78.92036437988281,38.0,527.25,24.0546875,1.354931269490683
287.4878095768738,88.20867153214249,5.436300939931004,6.5700975791054e-06,81.88671875,11.25,303.5,1.3671875,4.27767306275
269.05250913449163,68.96516881999763,2.4079188733548187,3.377625036077303e-05,81.486328125,0.0,9.5,0.0,549.0
284.94258463165704,67.75200237793194,1.7651145444572516,1.2983041831813452e-05,87.326171875,9.25,177.2036895751953,1.1171875,4.150401013853705
292.0246265454006,78.30870949309494,1.8513449681115488,0.0037016430049268,87.345703125,17.0,370.099365234375,3.51953125,1.185865064909852
292.36760288899967,61.68217415337366,3.4565320576616503,0.0001378259849015,90.65625,29.25,537.0,29.81640625,47.6
287.3654922164923,49.21330111992601,3.0712387738760767,8.326672684688674e-17,90.47265625,91.0,1026.5,137.98046875,2600.88261945
288.9154034722936,81.67459470500421,1.9306172960525845,0.0003235632588912,84.32421875,25.0,434.9500122070313,3.34765625,0.168906985141
286.4644888919388,72.58075126371651,2.49773869898239,0.0,87.59765625,22.25,407.0,4.24609375,0.098141396067136
298.7952212200276,77.73396418476337,1.6125284888813365,5.262644188000834e-05,86.8046875,14.75,434.25,27.37890625,126.31997512
278.5829404107058,70.13164640291832,1.1074138485661462,3.416727822280752e-06,86.119140625,4.25,11.0,0.48828125,1.980960239
296.3288453710279,79.20938142064725,1.5251735960395347,0.0008806618617771,86.333984375,68.25,599.0,62.5546875,8.14629545
285.8551989343332,68.94704600024068,3.075078869037378,2.9917138616736977e-05,87.29096984863281,34.75,672.7000122070312,29.37109375,167.7344321720961
279.1239711112488,51.99663977991482,3.1154499276421146,0.0,86.30859375,10.5,55.0,1.375,8.87727511
288.1559113635072,68.35005425059732,7.477541846228292,0.0015086160957565,78.314453125,9.25,147.0,1.9140625,14.90899108745143
292.6295141371702,55.65165446298013,1.7335243363901205,4.671927259367395e-05,84.052734375,9.75,17.0,2.734375,0.988587620961522
286.5324976690195,87.20171314320838,1.454351553100184,0.0088658007647275,84.33370971679688,10.25,129.43130493164062,2.04296875,0.139691151220777
284.08655810992946,72.78163899857218,2.288629538679773,0.0,87.080078125,39.0,731.5,68.21875,266.364071606602
284.461234707331,81.8960879802502,2.2412429446682824,0.0004558840750148,83.44140625,13.75,305.0,1.5546875,325.24410202923065
281.3715966928884,53.46133544447381,1.7432986127158074,0.0,92.380859375,23.75,401.6434631347656,0.8828125,25.0
292.87490127131986,44.36484785373028,3.2628262384786093,0.0,88.373046875,26.75,70.5,3.47265625,1.7024423651506446
285.25807940897295,42.83018314002238,1.872094044919774,0.0,88.173828125,6.5,7.25,0.68359375,255.356866
277.63731941507325,75.5129411189894,0.879888543477823,0.0,85.748046875,6.25,27.25,2.3359375,3.2
280.75934436768154,60.55284525333689,1.6110218207257538,0.0003012454200673,84.689453125,6.25,499.0,0.08203125,25.0
288.9230164474384,56.83914743784221,4.417995163984429,7.120403444459827e-05,88.58984375,33.75,206.5,4.6328125,0.24955975
283.9003264255886,75.7716706374561,1.0810450242923877,2.5817734648735106e-05,86.037109375,18.75,528.75,14.60546875,31.586255179860384
295.2944009718686,58.325683091037774,2.878975615271492,0.0,90.732421875,105.5,952.2000122070312,101.203125,2920.494
289.20579903481286,66.56721333626045,2.89030651091495,1.7623758169840742e-06,89.751953125,79.5,1065.699951171875,154.9453125,0.010017598023752
286.9545435569947,70.94359119110241,2.350390136448541,0.0,87.197265625,41.0,169.5,6.21484375,6.850711569558893
284.8320641256008,54.16549906706316,2.687277108600911,8.326672684688674e-17,86.5859375,6.25,8.5,0.8515625,1671.35318
273.6549468908455,42.17679743553865,3.4387150718350448,7.256353659911008e-06,92.62890625,14.0,220.25,0.3203125,221.0
280.2753776204834,45.77974678272105,3.183443925551364,0.0,87.47265625,3.5,4.0,0.21484375,16.293763643929868
291.92652928811424,68.52173275885772,2.550257552717188,0.0,88.359375,18.0,251.4499969482422,4.1015625,12.31637111337493
287.09728190038584,81.17331877323171,1.838744533093705,0.0004542402299733,87.9140625,38.5,149.8924560546875,10.33984375,7.062127650996144
286.0501737194845,79.74336387179751,2.6270447801940704,1.6717568926464393e-05,86.24609375,19.5,467.3924560546875,11.05078125,46.22463006592911
287.9252083523289,65.32517823728735,3.651816137379784,0.0026403189654999,83.98046875,14.75,251.0,1.3125,9.71610641356
291.2291288851287,61.31916416906706,3.1324557768735324,0.0,87.1875,32.75,449.029541015625,10.7109375,1.133053121374163
285.5628373671779,76.9294438804266,1.2606228724230597,0.0024881057019778,60.10546875,9.5,20.75,2.75390625,26.0
282.3078870510738,81.72870858615589,4.998700806273981,0.0013714996510658,75.287109375,19.0,620.25,60.8515625,1.051875087997877
283.8197196372253,64.98686196753404,2.4099006861970707,0.0,88.634765625,43.5,155.0,6.2734375,3.05233021
293.6962733353992,55.069643516023206,4.480303262911516,0.0,92.408203125,185.0,784.5,39.20703125,55.16914814
288.5054047232909,80.68735183949886,1.447977509441169,0.0001223559796726,85.521484375,24.0,358.45001220703125,3.37109375,39.40113264749455
291.01146683008886,69.41669413400531,2.2141604350079214,1.8792475981396768e-06,88.4765625,18.5,416.75,29.20703125,529.11181281
287.58615841782904,66.54014955466057,1.0999177043095203,0.0,88.451171875,34.5,218.5,7.65234375,44.70339830510402
289.8057017047309,74.34970279370013,4.030009643629028,0.007032586677885,88.400390625,67.5,264.5,27.04296875,957.0940784
288.09140619837905,78.79087749506277,3.912544598950208,1.992571459963344e-05,84.28515625,38.75,779.75,39.84765625,12.89325901
288.2076462152061,69.92037489055237,3.15616048808398,5.397683411775822e-06,86.796875,19.25,137.0,4.9140625,6.46916823
283.541555507705,40.42183990514267,4.594841591461569,0.0,91.220703125,9.0,195.16148376464844,0.53515625,33.0
294.7674877586115,63.899358647662176,4.137853393966205,9.180932549028576e-07,87.859375,51.0,173.5,19.7265625,0.1791676123052059
274.6671776248743,68.15353443614354,1.592849825582736,8.326672684688674e-17,85.599609375,10.5,572.5,8.40234375,2833.0
282.5796656552481,78.86095408339442,6.751649076636127,5.118826847129443e-05,82.083984375,14.25,76.0,1.859375,17.6
285.793297353138,67.995707354644,1.7134563762209514,8.326672684688674e-17,86.576171875,23.75,198.75,6.99609375,0.559999826663066
283.4286272617868,71.73079082789299,2.221453521845392,0.0,85.740234375,90.0,1198.25,132.08203125,0.010019999580291
292.10642015760635,49.68191191538906,3.7886171093257546,8.301782001917529e-05,89.298828125,50.25,927.0,139.31640625,0.013495576260025
282.459852430659,55.20668616429217,2.380770933490266,0.0,82.03515625,4.5,6.25,0.66015625,315.250394
293.09525470341595,69.36756608884517,4.233984281718487,1.1229644956631255e-06,90.03125,196.5,1267.199951171875,111.80859375,9.00259994
286.32586468638334,70.77404887204713,3.610923080277366,0.0073851942988766,84.63671875,10.0,565.0,20.43359375,2.590170861588206
287.50392972092715,81.56620068315904,3.2090102638980755,0.0002419566754525,83.37600708007812,5.75,561.25,19.83203125,1.61419419
289.7395462762811,62.33295055458632,1.4151406358610377,0.0,90.79043579101562,34.25,504.5,58.78125,214.8895459848657
294.2121818045209,77.6168319482103,1.7885294219132195,-8.326672684688674e-17,86.71484375,7.0,24.75,2.390625,20.54601253508384
279.20162541763744,52.24041529375032,2.0673585449189664,0.0,88.71484375,24.0,313.4578552246094,1.30078125,94.0
298.30976788708614,71.6811744470038,1.4070380546200056,8.900294748394322e-05,85.326171875,9.5,62.25,5.34765625,13553.5079561
283.49811460550785,77.71357515236348,2.666597394306333,2.651334804013722e-06,84.759765625,15.0,283.4518737792969,1.9296875,1.559714627124405
292.19627911458826,16.308113156545662,3.031642282253946,0.0,95.39453125,35.25,596.2000122070312,45.328125,169.57105133254586
284.6368756043777,71.59960551590511,1.8275784179585848,0.0002552385254381,84.11328125,9.5,22.5,0.62109375,12.750683
295.0768020906615,60.88299930284401,3.468771542491325,0.0002760231188389,89.21747589111328,26.5,410.7000122070313,12.9921875,4.476713795362966
287.0171330715916,80.51875443583408,8.62340663960538,0.0083456375884393,70.341796875,1.0,268.75,2.30078125,6.854381038213417
288.5724056594846,63.03153442900098,1.7581545393512608,0.0,89.35546875,43.25,258.75,16.953125,112.8
290.6816813608962,65.28673520685693,0.5942532419519567,0.0008587277454194,91.1171875,20.25,112.5,2.109375,135.94472756
281.3709400569184,58.23564033096434,2.013879848231523,0.0002662295808236,89.541015625,151.0,1140.25,101.21484375,11.14536137279918
289.29343156464006,63.04924912700735,2.9779287095496065,2.718640492869323e-06,86.78515625,18.25,880.5,148.50390625,366.60450736
280.63240632037827,34.003096456133854,2.346859200027677,1.4909992791696525e-06,93.306640625,14.25,123.77037811279295,0.390625,141.0
292.62155322473524,55.94753730433712,4.687134187775503,0.0027465135468019,88.8125,45.75,886.5,127.09375,0.031032687010326
282.02409229048925,75.36461652982024,1.2500492899738658,0.0,82.810546875,10.5,93.9124755859375,2.90625,0.013670470856413
287.81043789618974,58.37528719617095,3.7413799565031214,0.0,86.7265625,93.25,1071.25,110.2578125,0.01349752961283
294.21830708734416,46.07493372303063,2.14990874631553,0.0,91.65625,32.75,288.75,2.94140625,0.768276411908722
285.44566220518624,37.21575993981755,4.906565721780239,6.460857171613002e-05,88.84765625,10.25,243.2737579345703,0.78125,25.0
288.6149642632562,54.12634274642098,2.223442964032264,1.30956642591315e-05,89.5859375,203.75,1173.8817138671875,126.75390625,2168.363162999941
283.2193008346092,56.90981722141117,1.381069947676614,8.736950753818196e-05,85.240234375,4.5,6.75,0.4140625,13.062880266820144
286.4669608544186,57.148706022070805,2.575624516179173,9.581792135020945e-05,87.65625,15.25,174.75,0.76953125,1265.2306047063214
286.91031572795583,68.51358153666108,2.4379055111227625,0.0001608123402093,86.66015625,84.75,1359.25,137.28125,0.010020138479641
287.0608388302461,86.76733795220902,1.6895916255823291,0.0045090639802047,82.169921875,19.0,209.1999969482422,3.91796875,0.18368352296276
280.1598983326499,95.27112513227657,1.6622749667957388,0.0153226815890012,12.76953125,0.0,1.0,0.0078125,31.25094481
282.47725178971183,70.71227554257003,5.258983543259655,0.0066180502993831,76.830078125,9.5,384.0,0.890625,54.0
283.65462234601506,54.73636046418736,2.276907159094175,8.326672684688674e-17,88.4296875,8.25,18.75,1.66015625,127.6
291.54185074517915,64.6646923964132,2.2829277178827145,0.0,92.126953125,37.75,115.0,8.55859375,16.68213867
301.54103812124373,79.3820480380715,4.880643905371175,0.0005249173008932,78.037109375,9.0,79.0,2.30859375,0.2459330763489102
296.011197191886,51.12934857738421,2.321481855193807,0.0,91.45703125,21.5,105.75,3.484375,0.560562616669832
280.6225960591962,62.0263758275242,2.172368579538108,0.0,84.17578125,4.0,8.0,0.48046875,403.1138783828588
289.32611063315824,67.44295111959508,4.3301734219560215,0.0001062767451764,89.52734375,101.75,1362.699951171875,142.2890625,0.040395291970494
285.6877363281008,63.2098328928663,1.1669445280816844,0.000157215291351,87.064453125,18.25,354.2235717773437,3.0625,0.909464877264595
293.53937723752574,59.477072355775086,2.4114444478103105,3.540628500255105e-06,92.0546875,305.5,753.25,53.89453125,59.91025581359468
291.0947356941284,64.27811956914849,2.464711138881565,7.740372516967797e-07,88.802734375,34.75,480.9015197753906,28.09375,17.150477009300115
283.60801692231115,76.49292422665313,2.9959712439083224,8.326672684688674e-17,85.45703125,15.25,269.9518737792969,1.1640625,4.665604998533653
294.33607083039175,56.503473850420896,3.717326871095288,1.601550874234109e-05,88.502197265625,28.5,454.25,49.1953125,345.5252256972313
288.2465357289525,54.633091591001566,3.084738713739751,0.0,90.3125,32.25,173.0,9.89453125,46.42111163
273.76004013730875,54.48923244864233,1.9736657075610031,0.0,88.794921875,16.25,286.5,0.01953125,68.0
288.08532837419176,62.476326057802446,2.24544976091669,0.0002489502385976,88.2109375,17.75,273.70001220703125,6.1015625,55.05938653742578
288.73099354453046,48.488770715347,2.242960911827568,2.1389966235046964e-06,91.228515625,118.75,999.25,140.5703125,0.220287542002058
279.55810170820774,72.4479136854019,2.387526767288468,9.868396494000509e-07,73.716796875,17.0,86.69999694824219,4.5078125,1.626718190407292
289.329521293078,37.43077451582493,4.121583140089481,3.371499854568777e-05,89.96484375,29.75,766.25,138.66796875,0.02003272432647
286.9927895436296,60.30684074733593,1.6264939502736395,0.0,88.244140625,116.25,952.1303100585938,78.08984375,264.4225777655702
281.0807499460841,67.4719923467937,3.829813410863125,0.0,85.341796875,12.5,131.0,2.37890625,24.00238249
289.20579903481286,66.56721333626045,2.89030651091495,1.7623758169840742e-06,89.751953125,79.5,1065.699951171875,154.9453125,0.020033144009086
285.5036108954649,81.03767561629313,2.286169743717841,0.0001088159668932,85.306640625,37.75,695.6488647460938,57.98828125,10.087802798966717
294.2959325410282,71.58842080521868,3.854240250233621,0.0,89.37890625,108.75,348.5,50.9140625,21990.5278028
289.9500540000659,36.19286099393768,4.237928324040825,2.697364618876527e-05,91.12890625,58.25,977.0,149.359375,0.020042859763551
284.829113504261,75.63397658464395,2.1494099363940595,0.0,71.650390625,5.75,39.5,2.40625,0.49277322
279.2565058771441,61.32367101865722,3.247186691946496,0.0,79.728515625,21.5,614.75,5.9609375,6.0
285.12314102281863,84.33424622937936,1.8084183365078608,0.0006044081136282,79.646484375,197.0,937.4500122070312,46.55078125,0.1519479301042671
289.329521293078,37.43077451582493,4.121583140089481,3.371499854568777e-05,89.96484375,29.75,766.25,138.66796875,0.010016257986352
290.11930052220595,49.98205635753808,2.736388175693589,0.0,92.0625,118.25,699.0,46.29296875,484.4852742168173
288.6149642632562,54.12634274642098,2.223442964032264,1.30956642591315e-05,89.5859375,203.75,1173.8817138671875,126.75390625,2168.363162999941
285.37670067351223,85.20097290202294,4.328355751507638,0.0024190128687261,67.029296875,5.75,28.25,2.34765625,18.11923887
289.55864048904954,86.44811260261105,2.059704048633293,0.0041962140261305,57.361328125,5.5,250.0,0.90234375,572.74840629
286.021975221026,69.04865794496924,3.493283700231512,1.7776123696945645e-06,89.203125,17.25,610.75,116.28515625,357.14169789726014
299.3267740836365,55.78615043284381,3.113936031324307,0.0015380487571098,90.439453125,64.0,607.25,36.734375,12714.139
285.5892070563248,66.65433221497763,1.0599479306249049,3.052724103901755e-06,84.9453125,10.0,268.7235717773437,0.84375,0.069256032692429
271.67659127473763,73.75069818954239,3.5716648656945544,0.0013598930942503,70.84375,4.75,41.916534423828125,1.25,6.0
294.5581592508124,84.39258223708143,2.801318365009013,0.0009882854920192,67.626953125,13.75,42.25,6.40234375,4.760525894298343
263.2503259567995,58.67956812567726,1.6600716773307156,8.326672684688674e-17,80.61328125,0.0,105.4499969482422,0.0,3.0
298.34591554769173,25.93193065106521,1.6924364982041602,0.0,96.78515625,389.0,913.5,68.40234375,0.1981292816328822
270.3652907763524,44.79243043550722,3.609452680336526,6.332468477539266e-06,87.203125,10.5,289.0,0.21484375,153.0
292.10642015760635,49.68191191538906,3.7886171093257546,8.301782001917529e-05,89.298828125,50.25,927.0,139.31640625,0.202142135337939
296.5291498408206,74.71164190228735,4.331620574818943,0.0015104899588995,83.572265625,30.0,415.0,48.5390625,113.78785248901644
271.1725014830699,42.97375483744691,2.104060160501847,0.0,89.93071746826172,11.75,160.0,0.0,60.0
287.9578954422979,79.17317815374155,1.150555456977549,0.0002273334412773,86.513671875,16.75,357.20001220703125,3.69140625,27.00004135623616
288.92557161599035,81.05092474894904,1.7569432492612271,8.326672684688674e-17,84.50390625,25.25,246.77037048339844,7.97265625,219.58227678
292.07813814460945,70.13162327583838,1.5684223280097942,0.0,88.92578125,19.25,346.69610595703125,5.74609375,0.272196765322629
274.2097320913471,33.17647792241564,2.367856437519801,0.0,91.68359375,5.25,330.1952209472656,0.01953125,199.0
291.725278159368,54.309745770304254,2.538969776358348,2.1091929367295783e-05,92.21875,68.0,549.0,41.4296875,302.89251781
292.62155322473524,55.94753730433712,4.687134187775503,0.0027465135468019,88.8125,45.75,886.5,127.09375,0.013496469051973
280.1821784010928,54.30204936042216,3.378941375833746,8.326672684688674e-17,88.38694763183594,14.0,23.012466430664062,1.19140625,5.537985966495783
288.53509821050227,46.10876664017275,3.952659624041795,0.0015244520547496,89.07421875,23.0,626.0,54.1015625,0.020038390478023
299.28743599871524,31.589560058624013,1.861808816084264,0.0004184289175255,96.31640625,203.25,943.25,103.69921875,741.6180117386266
273.8192955860537,70.34418048350985,4.09249246027853,3.942730876731193e-05,81.673828125,1.0,1.5,0.0,3.6
285.362762930495,73.2939636935347,3.118797461331196,2.234112295398938e-06,85.927734375,30.5,774.5,93.30859375,0.708336489214563
287.4280678939321,74.08067073298317,1.3655968014981046,0.0002068846777971,89.26171875,23.5,425.39886474609375,4.19921875,193.1185829686372
287.9408091260645,77.30238432300668,1.3064542743719705,2.556550930805923e-05,86.923828125,25.25,160.99697875976562,4.57421875,0.681618956582323
289.4188083554304,74.1624222810091,5.73803518365209,0.0002156217566138,84.947265625,24.5,266.5,24.9921875,88.8831562
289.4800081157829,77.08404610477177,2.465899143844698,0.0010980616236803,87.251953125,36.5,793.5661010742188,72.2578125,43.35941368
291.1479584932848,67.68815982154989,1.624354705135434,0.0,85.291015625,14.75,503.8825378417969,12.71875,0.715137314012264
280.5813965319833,58.28946976173816,2.28556237308321,-8.326672684688674e-17,86.33203125,6.0,11.5,0.4765625,321.1377529820511
287.4324657436363,52.97421777413711,2.077725065640242,2.005855056257805e-06,87.447265625,36.75,297.5,4.8359375,78.64430281135216
278.26245745183775,73.64707768039703,2.536314593482936,0.0007940300682474,68.71484375,17.5,629.4500122070312,38.16796875,24.87756625163354
280.64672078939753,51.286694619095165,2.7905901636610246,0.0,86.470703125,8.75,11.5,0.609375,112.37131173455114
278.7214566829666,62.86851963592181,2.0707309159310165,0.0,88.08984375,19.25,183.75,1.5859375,1.20838516
279.0078451210082,52.17416901137258,2.8613046702937086,1.202625326290896e-05,88.89453125,9.75,270.6683044433594,0.25390625,176.0
283.8194149065299,82.75292853824342,1.6768131254772456,6.712989375788972e-05,83.236328125,35.75,299.75,7.12109375,8.8
289.20579903481286,66.56721333626045,2.89030651091495,1.7623758169840742e-06,89.751953125,79.5,1065.699951171875,154.9453125,0.010017806418652
288.2118609508945,77.73218506884977,6.0475610114073,2.3707755872535985e-05,84.798828125,9.0,279.95001220703125,2.31640625,139.161231145
276.4321184879988,68.57082502452742,1.326489587008128,5.4948218926563486e-06,73.01171875,6.25,196.25,0.33984375,310.41777865533754
288.8306820560218,61.92791438047981,1.9857286355999804,0.0007909870216102,86.171875,65.0,644.5,39.5390625,4.234257673061069
286.67781055969425,72.17983366393295,2.4456045917084195,0.0001230552312086,87.291015625,114.5,1081.91015625,115.4140625,322.9886362902027
288.74960565780697,79.11064822023356,4.575410376333539,0.0091843442561932,54.9765625,3.5,57.45000076293945,0.36328125,16.26250202379437
288.5970663651879,63.33358545210168,3.263459184456206,4.7608275238374825e-05,90.673828125,75.75,1043.199951171875,157.59765625,0.0100162910022
289.7064052321761,40.13874192219292,6.303200945523453,8.326672684688674e-17,88.87109375,18.0,198.7611541748047,1.13671875,68.0
287.1681787028859,58.94653444052978,1.748881434050425,0.0,88.6484375,143.25,1068.1302490234375,100.34375,309.8060863142692
286.8718585373787,64.84506935984206,3.009687221624533,0.0,88.583984375,49.0,704.7000122070312,34.0078125,29.40211220722416
285.6086566367821,14.40019724629208,3.868293058637127,0.0,95.408203125,103.25,955.9500122070312,68.26953125,26.0
300.5590806607461,79.35933003111708,2.377585975285914,0.0010760433351919,80.140625,4.75,186.75,2.36328125,241.80838482766623
289.1396691262258,38.50524817425296,4.038739321068248,3.228031775651119e-05,89.576171875,28.5,739.0,137.08984375,0.010016520795925
285.2548364043762,69.84541742657895,3.543238545617257,2.928328638161088e-06,89.611328125,43.0,262.0,10.0078125,33.6
281.9520356712931,88.53802813910288,1.722403565716335,0.0047066777904999,82.185546875,8.5,122.75,1.68359375,6.34261942
295.1494084374034,74.99606436778889,7.197983816930784,0.000721241126716,85.90234375,9.5,84.19999694824219,1.91015625,153.35095689
277.7700837983211,93.88931317512652,1.5098546482318278,0.009953392009832,13.576171875,0.0,1.0,0.00390625,3.6
287.8654110416403,54.3830218601118,3.970350625276964,0.0,87.693359375,7.25,99.5,1.05859375,253.3144785821727
274.1893413656764,43.79805659716104,3.1970432699021543,-8.326672684688674e-17,88.51043701171875,3.25,6.0,0.26171875,744.217554
288.21589910713175,62.81983750238822,1.49910060425088,0.0016581818954614,83.884765625,69.5,520.75,24.2890625,82.65258031403698
292.6602038356605,64.1640187939407,5.111551230382946,2.083260236686313e-06,86.318359375,40.75,229.75,29.23046875,14.965314186001144
292.10642015760635,49.68191191538906,3.7886171093257546,8.301782001917529e-05,89.298828125,50.25,927.0,139.31640625,0.031028908106461
286.6868150409811,72.30412200570835,2.4591037317387623,0.0001290742370829,87.099609375,113.25,1120.41015625,118.01171875,410.17783413698265
281.5250577948901,55.747666353359,2.759568554776587,0.0,81.908203125,4.0,6.25,0.515625,145.65787662936327
278.6163000059341,70.33709660694053,4.063012642667363,0.0027525811874032,69.546875,8.5,21.36649513244629,1.77734375,3.454223738885392
289.29370798013525,71.74602819545363,2.5154593262353564,3.1157076761715446e-05,84.732421875,11.5,16.720903396606445,1.19921875,224.71978435137424
284.8064075289694,74.02978356742224,1.2891479936562464,0.0002800780501182,87.681640625,13.5,379.9500122070313,4.5078125,3.748309322722887
280.95975596493435,55.30570986945341,3.1768286668310224,0.0,85.478515625,4.75,8.25,0.48828125,1021.427464
284.1159334219072,65.55360200898821,5.51668233086983,0.0034923014730232,48.87109375,14.75,582.25,12.97265625,3.4618037061000004
294.54690651916445,54.825787856299605,3.4258391566730992,5.034174481166609e-07,90.939453125,93.0,876.75,78.23046875,2137.584112886057
296.5289653321824,40.35257657421906,2.802419172063105,0.0,91.36328125,43.0,296.5,9.8828125,2.836312999216699
294.66843094650454,54.24025878013823,3.5351554536758822,5.034174481166609e-07,90.658203125,101.5,933.75,86.50390625,2137.584112886057
287.28627671595336,36.55745814829158,5.295542741755607,8.326672684688674e-17,89.958984375,18.5,315.8104553222656,1.18359375,29.0
285.3046443548172,72.52454087363098,1.7343486320987258,6.235926652588264e-07,87.572265625,48.5,390.25,11.40625,6.29298697449924
294.5524208778199,55.49294025386306,1.3519968676089622,0.0,87.298828125,23.5,337.75,7.41015625,2.007723633864148
292.91446029074723,71.59326650186458,3.912646225647711,0.0,83.673828125,16.5,229.0,0.99609375,929.4751420392472
285.41831987856455,83.38112939405177,1.7212422167429915,2.2602487315843967e-05,85.57421875,10.75,56.0,0.89453125,2.598104
284.0368787021487,83.9042301182541,1.026371669139468,0.0112797870990778,27.48275756835937,29.5,362.25,7.9609375,3.970761688696832
287.2362220709287,76.88859116939794,0.9462417554465632,1.076992891127504e-05,85.724609375,21.25,527.299560546875,26.11328125,0.149823120590969
292.22250608726785,77.58881102193094,2.241902991608487,0.0,86.9140625,34.0,633.25,45.6796875,0.335456
288.6160734360182,65.15861182472405,3.0602990984310705,1.5608953275979276e-06,87.48828125,12.75,259.70001220703125,1.3984375,0.160242973884321
292.2477445607607,46.348833503995145,2.0769886612807915,2.247791721914083e-06,93.69140625,120.0,902.25,81.16015625,5.982324925367022
290.7526646074664,57.746997639180336,3.0247818210355306,6.145555121322976e-07,93.072265625,127.25,1159.75,125.42578125,585.7772681387964
290.51539555055524,77.58248718914191,3.0782014330209813,4.431317789136899e-05,86.55078125,97.75,905.6783447265624,64.46484375,16.06876578
284.58361959477537,58.70695453108736,3.846618196560718,0.0,88.85540008544922,131.75,985.25,86.4453125,32.13703681531031
283.0061630827556,81.34591593155899,1.2840294925071412,0.0109059876889055,54.091796875,71.0,767.9500122070312,61.0,3.097139919475882
275.7551350976808,51.073204163475424,1.2449646066470148,-8.326672684688674e-17,84.58871459960938,9.25,197.1090545654297,0.02734375,17.168605119736213
280.57379423609524,89.2803917657747,2.4145018270269403,0.0014410707403523,44.640625,1.0,143.5,0.8359375,2.717273922879928
283.71679209802784,70.30456851632646,3.9317144043602927,0.0005306495772563,51.443359375,3.0,44.5,0.09765625,216.32457279154667
288.912864474997,72.85264218355664,3.2602043620138184,3.640153604402008e-05,85.19786834716797,33.75,526.0,13.9921875,5.469556604263754
288.1336438187733,72.41657384452074,2.565211123374557,0.0038366296065677,89.35546875,29.75,429.7000122070313,14.234375,0.511180120198833
287.81043789618974,58.37528719617095,3.7413799565031214,0.0,86.7265625,93.25,1071.25,110.2578125,0.039973560995862
290.0167301317237,73.61591763763856,2.4547384006391417,0.0001011363514036,86.728515625,20.25,394.2000122070313,8.4453125,18.5220613608
264.3966173170804,81.52116285606594,2.205644925226624,0.0042265358138255,25.888671875,2.5,179.25,0.0,32.800000000000004
298.8461316931667,68.85417422863343,1.6832111023339575,0.0002616244455471,89.380859375,86.5,320.5,56.24609375,3045.2000000000003
273.2615541731883,45.78151495882425,2.9167546112456217,0.0,88.88553619384766,2.0,138.5,0.0234375,22.0
292.4893192678766,57.30665693879396,4.426378563548057,0.0,90.09765625,32.75,378.75,4.3359375,2029.16660478
286.9927895436296,60.30684074733593,1.6264939502736395,0.0,88.244140625,116.25,952.1303100585938,78.08984375,264.4225777655702
284.8901868022933,67.0730333013137,2.3743409009829475,0.0001894891914192,87.771484375,22.0,491.7000122070313,26.4140625,3050.882865770606
274.6857523275874,63.164314363206046,3.175056082078653,0.0,71.99191284179688,2.0,11.899999618530272,0.0,0.0511297238913832
290.64201131714765,59.41844016964202,2.997047311094694,2.3092370863272985e-05,88.916015625,33.75,417.5,52.234375,11.29511704
291.6564242048772,56.04716788680929,5.352326161916334,0.0,87.794921875,22.25,222.1999969482422,4.28515625,0.084073926799496
288.82822931327206,60.832946915469336,4.036704715988522,3.764170703031422e-06,89.99083709716797,34.0,909.4500122070312,140.09375,155.27090619
286.3998185612209,53.91162240309924,2.038537447703102,0.0,91.34375,82.0,452.75,25.21875,153.20105047
292.3532015111106,73.49524095948208,1.647132712915057,0.0045248996481462,72.443359375,24.25,238.5,1.84765625,735.1031861032461
286.035539354583,55.20288140327495,2.1865402616444225,0.0,87.88671875,12.75,23.75,2.26953125,36.0
281.1413400369635,45.20634336662943,2.3292341554529425,0.0,89.86328125,22.0,474.75,0.2734375,33.0
272.934030374107,48.39497308524782,1.3552933672603666,0.0,87.376953125,4.25,121.1999969482422,0.0,45.0
269.29308003968254,62.08084349902629,2.248860993173198,0.000152943075479,81.63162994384766,1.25,264.0,0.0,21.0
290.7420091598904,92.14639860773325,3.153205708700477,0.0134069563302607,29.9609375,5.0,77.25,0.2890625,591.28697906
292.600182729011,45.3910265489201,1.7406672547767164,0.0,93.537109375,255.75,981.5,80.5625,40.0
284.86496961270745,45.373527726942974,2.8023037564631053,0.0,91.939453125,25.0,48.95000076293945,1.08984375,273.0
295.84356292124966,61.911304781279874,3.6943810063081055,1.2132923684522734e-05,91.80859375,126.5,944.25,85.93359375,1069.4436527564055
289.1657547455302,61.172758986627,4.0961277950749855,0.0004036759179818,88.931640625,98.75,886.5,98.78515625,0.345201602590819
287.4251547366122,61.91399458441792,3.5736718222062493,0.0,84.62109375,8.25,183.5,0.65625,21.6
288.07254031913834,71.16319501203148,1.4066111038270266,0.0,88.455078125,31.5,364.25,5.34765625,4.08658445
286.9927895436296,60.30684074733593,1.6264939502736395,0.0,88.244140625,116.25,952.1303100585938,78.08984375,264.4225777655702
285.5530211272132,69.7847069496129,4.598308692710894,0.0,85.16015625,12.0,270.25,1.48046875,1.474996126813826
274.0683318371697,39.11519184039083,3.0499645064858782,0.0,91.607421875,17.5,360.25,0.0390625,105.0
271.4924832194169,62.54591697503276,1.831719396617524,0.0,78.41487121582031,0.25,80.50978088378906,0.0,157.0
276.11483170212347,65.15413613673009,1.9642654824442825,6.92612793812171e-05,89.337890625,18.75,518.121337890625,0.40625,3118.0
289.32611063315824,67.44295111959508,4.3301734219560215,0.0001062767451764,89.52734375,101.75,1362.699951171875,142.2890625,0.013492150974935
284.3525247484063,49.91059941745422,3.726634914482581,0.0,89.076171875,113.5,486.5,23.4296875,216.37133561
291.94688189030967,79.21788195862678,1.7886516347763786,6.13682357330364e-07,88.224609375,21.5,204.4499969482422,7.6796875,108.31820321
292.10642015760635,49.68191191538906,3.7886171093257546,8.301782001917529e-05,89.298828125,50.25,927.0,139.31640625,0.013495660696562
275.7478866370307,65.16702744012497,3.6806706427875095,5.044288525236224e-05,87.9049301147461,4.75,112.75,0.1953125,325.0764627799072
288.461634594368,64.46445696869723,3.821565973827566,1.8793523767286074e-05,87.44962310791016,57.5,1034.449951171875,157.60546875,0.020033094699635
275.57948513094163,47.82503907676576,1.3855319786187916,6.10523865063814e-05,81.6953125,18.5,373.2000122070313,1.1796875,0.1
301.4801525122777,76.59061970259668,1.788231512866109,0.0050141340049119,67.470703125,3.75,116.25,1.32421875,101.60249804223795
291.12621721303765,68.73752804417093,5.446878311717484,4.43570975819374e-05,83.6015625,108.0,1019.4500122070312,56.9609375,2.52173336
288.9015357559102,71.11796788919978,4.041274899469218,0.0003332557146762,85.296875,11.75,527.2235717773438,9.4375,0.113385741964019
287.9526179594248,84.20521879298853,3.0135308283991087,0.0030816657829904,87.794921875,19.5,221.9499969482422,2.08984375,0.154537121981156
286.3490009795664,68.59883150222241,2.170053994125316,0.0001861282436412,84.13671875,15.5,61.0,3.46875,2.3222
275.29179540833843,85.37434490730361,3.3034933713827352,0.0112352491274617,40.15625,19.75,433.25,18.7734375,144.0
273.65252232603603,31.75926609280821,4.187303829848177,0.0,91.404296875,20.25,272.5,0.0,306.0
278.80281554292503,51.90652278401614,2.5776707550559603,0.0,85.34765625,11.5,22.950000762939453,2.08203125,168.56780453769912
283.5454388540084,69.81119832909513,2.652822795940892,4.361001898735284e-05,73.642578125,12.75,166.0,2.69921875,321.51334683
285.37302454114365,74.54562709378487,2.4319405804244263,0.0,87.15234375,15.75,307.5,2.65625,0.071828464479839
284.11656308325115,71.52728543365117,1.978932608468595,0.0,86.720703125,57.0,845.0,83.18359375,284.4221477855543
268.18358429710884,56.12796780600673,1.031423969027218,0.001079856620857,68.38618469238281,0.0,3.200000047683716,0.0,2.0
286.9367003048592,67.54967979093936,2.215340493192857,8.326672684688674e-17,87.90234375,116.5,996.25,65.015625,3281.25962796
275.0472891679217,44.15583940860662,1.7595943481116108,0.0,91.884765625,13.5,32.20000076293945,0.1640625,20.0
279.9011798367522,52.81069025198928,3.950312113044241,0.0004319086826178,89.876953125,13.75,344.75,0.1484375,7.0
291.2397579403565,71.32647643029405,5.00605271393717,7.174277100764626e-07,86.880859375,52.75,433.25,10.359375,5.20398689
294.1187034741186,71.44502887823099,4.450991795010287,0.0066424081627241,55.142578125,40.0,820.0,57.64453125,64.91402201288119
288.7485265102316,63.375009152931774,3.015897771962045,8.326672684688674e-17,88.978515625,60.25,724.1481323242188,55.7734375,99.01439295
287.12731976198853,79.79917867842498,2.3628220942618894,8.326672684688674e-17,80.505859375,34.5,803.5,71.97265625,32.50851086
286.6868150409811,72.30412200570835,2.4591037317387623,0.0001290742370829,87.099609375,113.25,1120.41015625,118.01171875,410.17783413698265
291.535661672561,70.27745579589292,4.325124584193564,0.0004772153361357,86.47791290283203,18.5,29.5,3.296875,555.0690605460245
281.4611370664563,69.7762357745269,1.581762599877509,0.0018847969776633,56.486328125,5.75,14.5,0.3984375,9.371044285000002
289.4299642398043,71.14859790252915,4.530378471371841,1.6315568418072413e-05,86.001953125,15.0,50.5,4.62109375,38.55887774
285.01259495730693,68.28234708782442,1.7917232143459825,0.0001360972546527,87.69140625,47.0,455.2000122070313,15.15234375,9.734960291803636
271.7085235125015,32.46075895858744,1.4242990775473297,0.0,91.431640625,11.0,166.4499969482422,0.0,84.0
287.40335502265737,55.01091524440052,3.126233847830706,0.0,86.71484375,13.5,272.20001220703125,1.48828125,6.216048275698101
291.81644934667423,77.64241702088533,2.106269449996528,7.438406453052701e-05,64.53515625,9.75,227.0,3.578125,5.08666843
287.69885716818044,77.58188402932704,3.298428728475438,0.000157746038547,83.826171875,26.25,361.75,5.734375,287.92541248
273.32881551470933,52.22621213269872,2.050092107046849,0.0009123257467384,79.3359375,4.5,8.0,0.16796875,0.8
271.1725014830699,42.97375483744691,2.104060160501847,0.0,89.93071746826172,11.75,160.0,0.0,56.0
290.53699028228147,57.28455174066181,4.240419307970126,0.0,84.72265625,15.0,32.75,3.57421875,3.63184237
292.0749772582115,67.85870505761703,4.726227769645776,0.0,87.884765625,19.75,84.0,4.55078125,11.56541535
287.0460751467017,80.9612264813303,3.249747198356008,0.0,85.384765625,26.25,216.0,5.07421875,2.595668654391437
285.1646742475528,41.61423335681567,4.072650101227739,0.0,84.96875,3.25,5.75,0.32421875,7.98082902815788e-06
284.2064720508096,74.92076280044311,2.7976982330702405,0.0037738860063674,78.275390625,18.25,466.7000122070313,1.66015625,81.5065879453418
294.7260568235643,54.06067982256528,3.524404114016377,1.5102523443499829e-06,91.09765625,111.5,1023.25,106.23046875,956.9662712511966
286.67781055969425,72.17983366393295,2.4456045917084195,0.0001230552312086,87.291015625,114.5,1081.91015625,115.4140625,322.9886362902027
289.51834163083964,52.91701874816442,2.4314764074507536,0.0,92.021484375,249.75,1154.0,92.81640625,4217.2
280.7379346991731,68.12902626845963,1.4235332499647138,0.0045434538401599,68.04444122314453,3.5,172.6999969482422,0.4375,1.9730564111750688
292.0876345511127,62.87809752308876,3.9469262283061126,0.0,89.486328125,52.0,1086.661376953125,129.34765625,1177.37290687
288.461634594368,64.46445696869723,3.821565973827566,1.8793523767286074e-05,87.44962310791016,57.5,1034.449951171875,157.60546875,0.040065718657146
288.2038239970404,57.84570843741511,3.809273093477663,0.0,86.5546875,102.25,1086.0,124.65625,0.01349759408699
291.87945893678403,76.77217093477923,6.507539577891325,0.0037659081648272,74.23828125,63.0,665.012451171875,44.2734375,226.78971472
287.6665259058529,77.56810704565775,2.0502058499483007,6.524287508123325e-05,83.24227142333984,21.25,221.0,3.48828125,2.47502179287601
278.4868130638519,45.04075545095044,1.6802697244270457,0.0,90.51171875,110.0,792.9500122070312,53.203125,6.637972833197109
284.11656308325115,71.52728543365117,1.978932608468595,0.0,86.720703125,57.0,845.0,83.18359375,284.4221477855543
286.6553051925714,42.7356299569484,3.877979616089869,0.0,82.44921875,7.25,8.449999809265137,0.69921875,205.7946280126072
287.1121679355344,73.30325690242923,1.5274357423509748,0.0003899887494994,89.79141998291016,110.5,214.0,25.09765625,48.23449026
284.3382307372992,72.87618267475851,2.848991834307136,1.1259332223512164e-06,88.615234375,44.5,343.0,8.53515625,0.184080904169667
267.8796871323979,44.78229536755081,3.062037708647726,5.065375215673046e-05,89.34765625,2.25,327.45001220703125,0.0,186.0
282.84026010760005,67.38005228947198,2.221783405470481,8.326672684688674e-17,85.2848129272461,10.5,337.7703857421875,2.2265625,2.734139057865857
290.4641472825476,63.74200472804267,3.010765412412632,0.0012442344453758,87.42831420898438,20.5,307.45001220703125,1.8671875,1611.261080646176
301.3132867963341,63.68020393319835,1.3834002506066287,0.0137879523848515,86.84375,41.5,463.75,51.44140625,0.259870855161342
288.2629882629486,46.803663643527166,3.806119035434165,0.0005177499944788,88.841796875,17.5,618.25,54.296875,0.031037438816663
291.4447465696004,73.34758362209483,4.480729656683981,0.0006124455043314,87.548828125,66.0,845.4500122070312,74.80859375,193.09014838829552
281.2374771991941,81.53526444410456,1.164875182690841,0.0,85.59598541259766,36.5,404.25,13.92578125,23.45138104
289.550102075671,49.63237853754119,3.8158266640645664,0.0,90.638671875,25.5,314.5,4.87109375,0.323247150792232
284.99211739971093,66.46635757496567,3.976635066919219,6.228359310255643e-06,88.03515625,42.75,642.0,67.03125,0.010015514003043
303.130729168281,15.13328043134682,2.6866107108266952,8.326672684688674e-17,98.81640625,498.0,1288.25,160.58984375,157.4221428407584
290.11930052220595,49.98205635753808,2.736388175693589,0.0,92.0625,118.25,699.0,46.29296875,484.4852742168173
285.7997160571956,86.8216605464113,3.052810358405205,0.0186293529241391,83.197265625,9.75,108.52375793457033,3.1328125,2.044437718001831
288.66077532242,72.6739498930438,2.4813317499666927,0.0001575007838928,87.16717529296875,71.5,866.7000122070312,120.71875,0.010011901329322
285.1523662627076,70.74444609121689,1.794115157138285,0.0,84.4453125,55.0,461.75,39.41015625,6.35578642
287.81043789618974,58.37528719617095,3.7413799565031214,0.0,86.7265625,93.25,1071.25,110.2578125,0.050954105264348
272.9033657197555,37.81775423366244,1.5717629080183813,7.96519534688317e-06,90.02130126953125,14.75,653.5,0.0,63.0
288.74032977000394,71.03482832295374,2.003425904401525,0.0,89.623046875,30.5,372.0,7.671875,19.91338150945308
284.08655810992946,72.78163899857218,2.288629538679773,0.0,87.080078125,39.0,731.5,68.21875,266.364071606602
289.47452581361193,81.06250661043244,2.543121896683522,0.0,84.38671875,15.0,476.5,10.85546875,0.273921756361843
288.55283900334507,65.50115519143476,4.340969525205051,0.0,89.00794982910156,52.0,451.0,7.734375,81.87408567855479
293.1545966467965,45.366189427593525,2.1248202384348134,0.0002119932741797,90.99609375,46.0,406.75,3.8671875,2022.0808984928804
292.10642015760635,49.68191191538906,3.7886171093257546,8.301782001917529e-05,89.298828125,50.25,927.0,139.31640625,2.1603185479e-05
280.2802384205839,81.17889766363064,3.990399871430808,0.0049982031048778,41.099609375,0.5,278.75,4.7421875,14.8
298.6887038145632,39.63192024924808,2.9122788833147,0.0,94.78515625,51.5,356.5,7.875,208.00728845
277.49931410265015,60.821199433082974,3.301285509424639,0.0,88.21484375,32.0,683.0,2.52734375,30.0
290.92247798405623,77.54881567672335,1.845927293175764,0.0001586306754173,84.66015625,27.75,192.5,7.19921875,0.158710634658368
301.8221980566661,75.30337380123568,2.1926761408506983,0.0011756228223331,76.787109375,5.5,117.75,1.890625,126.27120578565916
292.0131604833195,80.82674825068865,2.0434217020671173,0.0056573787380286,90.5390625,20.5,188.75,3.61328125,0.115874966161061
286.5491474025625,56.50975450412384,3.2163149807377565,-8.326672684688674e-17,86.85546875,12.25,49.0,6.13671875,400.0
286.7886773701633,72.13968424879714,4.476757156553611,2.380511264211266e-06,85.8671875,32.25,427.0,5.07421875,20.37470628
274.04370957403097,38.698193388377085,3.5536848756345805,0.0006475351106103,87.64920806884766,11.75,391.5,0.01171875,40.0
288.33893343882534,79.73383564217448,3.328877745274466,0.0025862721771235,60.1015625,3.25,5.5,0.40234375,2.4000000000000004
290.6799547327484,65.15868763535329,4.420255845268335,0.0007347845739046,87.896484375,27.0,113.98912048339844,8.140625,0.322355312800854
282.8778535449306,70.23586743974182,6.235636662604559,0.0005506944192872,68.03515625,10.5,216.75,4.83203125,761.13828238
284.56464849430745,58.28964229412918,3.940854962611313,0.0,76.87109375,7.75,144.75,0.41796875,661.0291692042534
292.55793035804254,60.43621792371536,2.305810553587207,0.0024938772412056,90.5546875,15.25,155.0,1.9296875,2.677708692644731
280.3772280990524,48.43746126485663,1.706992163905367,0.0,88.3671875,10.75,338.5,53.29296875,671.2
288.73099354453046,48.488770715347,2.242960911827568,2.1389966235046964e-06,91.228515625,118.75,999.25,140.5703125,0.010013091932378
289.77038672687337,66.29748516058406,2.341282979682737,0.0,86.685546875,21.25,378.7000122070313,4.54296875,1.102374503773612
292.0131604833195,80.82674825068865,2.0434217020671173,0.0056573787380286,90.5390625,20.5,188.75,3.61328125,3.589305855324543
286.0687473221193,86.35126684688619,2.274066764045433,5.486139822513669e-05,85.494140625,63.0,795.5,35.8046875,75.43573544
282.7245537326035,56.30247887598998,1.2709475916414483,0.0,86.322265625,131.5,867.2000122070312,77.48828125,53.45221788438883
290.30494989961306,87.35473699412658,3.244058705634954,0.0054182591174237,38.322265625,2.75,8.0,1.05859375,4.800000000000001
287.0608388302461,86.76733795220902,1.6895916255823291,0.0045090639802047,82.169921875,19.0,209.1999969482422,3.91796875,0.18568279207217
276.99716988486125,47.982395035399264,2.5995377597057243,0.0,88.44140625,8.75,12.75,0.734375,284.494258
287.1681787028859,58.94653444052978,1.748881434050425,0.0,88.6484375,143.25,1068.1302490234375,100.34375,309.8060863142692
284.08655810992946,72.78163899857218,2.288629538679773,0.0,87.080078125,39.0,731.5,68.21875,266.364071606602
292.1157300377849,81.20860346428908,2.223615968293084,5.689734801972088e-05,83.50775909423828,21.5,94.38996887207033,6.5,4.506767334308157
293.0397660795706,86.7807863819912,2.5570561819596564,0.0011031692886975,52.375,33.75,721.0127563476562,56.71484375,69.52676099
287.1441260544431,88.54077706898374,7.458062902715549,0.014282091048862,37.76177215576172,15.5,737.7000122070312,90.671875,17.70643125
288.53509821050227,46.10876664017275,3.952659624041795,0.0015244520547496,89.07421875,23.0,626.0,54.1015625,0.010019293158658
291.46989690425863,84.84437389213257,4.01583030984071,0.0120016216218526,83.0043716430664,11.5,390.7737426757813,6.65625,6.922942037896821
284.1691332543252,80.24353551987342,2.454784615519285,0.0001892969227138,85.439453125,33.25,376.25,4.39453125,1.234294992174794
279.55810170820774,72.4479136854019,2.387526767288468,9.868396494000509e-07,73.716796875,17.0,86.69999694824219,4.5078125,0.140184935773516
291.6035940392468,63.50218503805825,3.2010265152395263,0.0,88.552734375,38.25,792.1736450195312,81.92578125,196.154867655633
273.5869726701305,66.62122918645335,2.0716376502812754,0.0,84.814453125,7.5,448.75,0.109375,28.0
286.6546895242524,75.6329645444079,7.815385784338376,0.0030268727818978,80.24609375,7.0,20.75,1.640625,1650.14072287
294.28554161844073,67.48000007658781,1.7763126327465428,3.748715861583152e-06,90.08203125,70.25,458.25,51.71484375,195.933091
291.66326576635805,63.38281347143101,3.1572997611044022,0.0,88.728515625,40.25,788.9236450195312,80.12109375,45.02388467110673
288.79825708999147,91.8575887459562,4.6343046699323525,0.0,80.5625,7.25,510.5,2.5859375,0.062044448024031
290.01541158306617,80.49610196713535,2.523018354281296,1.173461953177246e-06,83.736328125,99.5,436.25,28.0078125,3.04702503
284.3324293283063,70.87034333435416,3.2813707034797006,7.452743656247152e-05,87.3125,41.5,400.4500122070313,17.90234375,103.39849658020822
297.17921996683106,39.31407505264324,3.2000291855397083,0.0,91.63671875,52.5,307.25,13.2890625,1.324201130185907
286.8453879037464,61.70749502024216,2.8504277485051297,1.6320312559523625e-05,89.53125,184.25,1549.699951171875,151.6953125,0.013492511373015
280.80547824939737,52.75885700682509,3.0828183666587994,2.6370412585047243e-05,70.970703125,2.5,13.949999809265137,0.0859375,38.0
292.3109614631711,61.72596068298744,2.09231070809754,0.0,89.482421875,36.75,388.75,18.06640625,243.0027442
284.73915832855056,74.95723695262868,4.226795843665677,2.089576057013112e-05,87.4296875,120.75,990.5,66.984375,64.25070234692149
284.08655810992946,72.78163899857218,2.288629538679773,0.0,87.080078125,39.0,731.5,68.21875,266.364071606602
299.3660980508074,80.84603083991061,1.6666749754312076,0.0038289675851489,74.123046875,15.75,387.25,30.5078125,10.49032745035204
289.329521293078,37.43077451582493,4.121583140089481,3.371499854568777e-05,89.96484375,29.75,766.25,138.66796875,0.040065425867917
277.5617455281701,56.317849087664285,2.0395720112469933,0.0,91.525390625,9.0,288.25,0.53515625,114.0
283.8249739221293,72.0497623358455,3.5528278301722565,0.000161067039489,61.75390625,13.5,208.5,3.83203125,0.28
292.1722803818686,55.10087602567052,2.74815371223348,0.0,87.3984375,12.5,22.75,1.41015625,187.9361834512713
286.6551128817509,70.00423284896033,1.260973183848969,0.0,87.505859375,16.5,67.25,1.9765625,8.545599904021728
268.8470349713116,84.11938935685554,1.179522044260975,0.0003135032631106,30.98828125,0.0,60.75,0.0,102.8
279.53187322954926,76.29147856508631,1.2569709101147064,0.0,86.81640625,8.5,308.75,0.703125,0.413448401183719
288.3139980605409,76.2577121335468,1.6345827476050927,9.500419920905472e-05,79.173828125,21.0,348.70001220703125,4.30078125,2.868716848189317
284.9412459566145,66.17819460234406,4.068829601503027,3.114179655126087e-06,88.109375,40.25,580.75,52.625,0.010015393211463
288.8985964914146,47.199903801536216,5.107856630913058,0.0,90.60041809082033,15.5,24.5097770690918,2.5859375,218.18410383754005
282.32284898070907,56.76290126588352,2.9499479564167648,0.0,86.08984375,6.5,9.75,0.62109375,0.8734416639967765
277.7039728282307,48.44243427003384,1.6354716271042973,0.0,90.22265625,440.0,1396.75,147.703125,272.0872301499108
288.6489379439774,56.55002896743196,2.109057449234604,2.115453457244426e-05,89.484375,174.0,1065.1317138671875,114.546875,2168.363162999941
282.2572964788717,71.57618901747851,2.771845968151444,0.0,73.556640625,2.0,32.25,0.15234375,57.15683601
284.99908031377106,29.49165071827308,4.556914290400353,0.0,90.505859375,61.75,193.75,4.1953125,135.6
291.63090695239464,40.53662232058702,6.329394065766549,8.326672684688674e-17,91.1015625,44.0,164.7526092529297,7.7734375,214.86254366987936
279.1311559597715,81.18657749675643,1.2607855315197365,0.0,83.8828125,7.5,428.5,20.25,11.769725190977017
286.30581663077373,68.3169073268945,2.1677801039861904,4.585652280573657e-05,88.998046875,39.0,123.1999969482422,6.93359375,328.90387753
287.05550778190155,83.98998849485247,1.097487447529368,2.86000135801337e-05,86.3046875,52.25,698.7000122070312,31.05078125,0.946673991104548
286.67781055969425,72.17983366393295,2.4456045917084195,0.0001230552312086,87.291015625,114.5,1081.91015625,115.4140625,322.9886362902027
283.1204412828885,88.91748509217452,1.745748611946783,0.0098289429905878,26.373046875,0.5,1.75,0.08984375,11.5
290.45091764460454,58.060315622029385,1.7108864645217183,0.0,86.8406982421875,16.0,270.5,2.91796875,0.72572829550463
277.4352246237631,69.25758488541133,0.8812253389163023,0.0,77.291015625,1.75,4.0,0.09765625,9.41430251
288.6149642632562,54.12634274642098,2.223442964032264,1.30956642591315e-05,89.5859375,203.75,1173.8817138671875,126.75390625,2168.363162999941
289.329521293078,37.43077451582493,4.121583140089481,3.371499854568777e-05,89.96484375,29.75,766.25,138.66796875,0.010016257982471
290.27262206476786,73.87256390281144,1.844890802146924,0.0003442931200334,79.7265625,35.25,720.5,74.85546875,124.98922252
284.9412459566145,66.17819460234406,4.068829601503027,3.114179655126087e-06,88.109375,40.25,580.75,52.625,0.010015566076509
272.62839959156594,62.66885465173048,1.6925651988681472,0.0,78.4375,2.25,5.5,0.30078125,0.2797919259605239
285.69287286753496,71.59156694642455,2.2830950846291875,0.0,86.39453125,24.0,577.25,90.33984375,0.060043860313116
287.81043789618974,58.37528719617095,3.7413799565031214,0.0,86.7265625,93.25,1071.25,110.2578125,0.013497485150905
267.5269759226781,67.9013446142655,1.5655606063317011,0.0,80.39453125,0.0,88.27375793457031,0.0,131.0
287.1371933942005,61.84280314963564,4.401129443379616,0.0046893283630419,77.2109375,45.75,439.7000122070313,9.9140625,7.409044806564495
284.08655810992946,72.78163899857218,2.288629538679773,0.0,87.080078125,39.0,731.5,68.21875,266.364071606602
292.07775374612737,66.53586586643873,5.235214499641628,1.2992253615728977e-06,86.677734375,24.25,92.9499969482422,3.35546875,137.41220476
286.5556286914032,76.09925013269647,6.938941676564247,0.0026593574383173,79.806640625,8.75,24.25,1.83203125,6145.89253849
283.93035350359264,66.75758132889894,1.6120948759591316,8.326672684688674e-17,85.4430160522461,11.0,281.2703857421875,2.453125,4.356743182279896
291.4447465696004,73.34758362209483,4.480729656683981,0.0006124455043314,87.548828125,66.0,845.4500122070312,74.80859375,193.09014838829552
286.42997600958296,63.06473122169164,2.3234126989103348,0.0,88.15625,18.0,108.9499969482422,3.41015625,3.288649080603553
290.3831126300715,63.941083550730895,4.29034090922556,0.0,84.513671875,5.5,122.9000015258789,1.48046875,0.00117897
289.20579903481286,66.56721333626045,2.89030651091495,1.7623758169840742e-06,89.751953125,79.5,1065.699951171875,154.9453125,0.010017006419404
289.4986836952245,46.6218725167028,4.648827652801443,1.154660018022613e-06,93.205078125,41.75,94.0,5.140625,361.9351467366385
281.42163000345045,47.79086096801172,3.6728037319343794,0.0,89.005859375,5.25,121.3821792602539,0.18359375,174.0
292.0820145895452,54.39236361802556,2.6639492074682307,0.0,90.759765625,16.5,34.75,1.44140625,231.09593640549767
287.81043789618974,58.37528719617095,3.7413799565031214,0.0,86.7265625,93.25,1071.25,110.2578125,0.013496755213919
285.6877363281008,63.2098328928663,1.1669445280816844,0.000157215291351,87.064453125,18.25,354.2235717773437,3.0625,9.25173457208365
290.11518846582607,75.6428346033546,2.7909751532870626,5.474644738469661e-05,87.224609375,102.25,439.5,26.15625,61.2
280.6850659429103,41.589743523472265,2.1011541287620923,0.0,85.900390625,4.5,6.25,0.5390625,3.5131751870000003
273.9728906021416,65.82827733450831,3.144016246703208,0.0,86.583984375,29.0,707.75,13.55078125,131.0
286.16629257409966,69.02732715176099,2.7532999813810832,0.0,85.84375,18.5,242.0,3.80859375,0.437501218112822
279.1355991752952,69.42408642397179,0.7931478482365831,1.006721386091411e-05,85.224609375,11.75,73.75,0.5546875,12.50433269
288.5868209251253,74.29860955383691,0.7432540891335698,7.123730164574488e-05,87.759765625,16.5,166.9499969482422,2.3671875,0.029059327021936
289.3203975691713,62.21140152789852,4.799126597421869,0.0003802356676603,74.314453125,57.75,800.9500122070312,101.56640625,0.791037676862033
273.20045279163315,39.965689682802825,1.1326291779691513,3.6762440062537705e-06,87.74591064453125,10.0,520.0,0.0,73.0
291.33525425653653,58.364986874580346,3.834348315016251,0.0,86.765625,7.5,69.5,1.3984375,938.72206413
295.5961041942013,38.93473657968456,2.592072976201402,0.0,95.859375,159.0,622.75,86.484375,14459.91277491
284.30127690952514,80.19028970956091,3.205107059979888,8.326672684688674e-17,84.03515625,10.5,255.75,1.58984375,7.473160119270001
294.0571331313883,47.50570603607054,5.788112310124418,0.0007368508658314,90.794921875,24.75,672.6481323242188,64.546875,241.8590875066857
287.6665259058529,77.56810704565775,2.0502058499483007,6.524287508123325e-05,83.24227142333984,21.25,221.0,3.48828125,6.345763432891102
291.7715979607209,70.96825417224372,2.7521871216386065,1.7760406909074489e-06,86.638671875,49.75,445.25,8.875,1076.42798081
289.0166215765876,82.43406210820517,2.381911330422513,1.982882351274362e-05,82.033203125,8.25,351.5,1.4296875,0.373552076169507
296.71528895293136,54.70330248537177,2.417505958521923,0.0001064830280177,89.208984375,80.5,1061.0,88.4296875,32.958158660339706
286.67781055969425,72.17983366393295,2.4456045917084195,0.0001230552312086,87.291015625,114.5,1081.91015625,115.4140625,322.9886362902027
292.698780068643,47.74764492293551,5.559915721876483,0.0,90.8828125,135.0,538.5,43.765625,6.93304758
294.14637137845483,67.03147123037502,1.9220252524227093,0.0,88.517578125,16.75,209.5,2.9921875,2.44955229662677
289.329521293078,37.43077451582493,4.121583140089481,3.371499854568777e-05,89.96484375,29.75,766.25,138.66796875,0.010016518430155
290.41647562161995,88.11455837808603,1.625856370303847,4.8571685231649925e-05,85.763671875,22.25,178.6999969482422,5.1796875,3.990520117054893
287.56377823605703,78.20676472796929,1.584616174019397,0.0,86.12199401855469,7.5,109.3924560546875,2.2265625,0.30159596354368
295.4595642207526,57.5418031667163,2.242004987187177,0.0,88.025390625,32.0,202.75,1.765625,9.165471412761034
282.21790724868,57.81970705927259,2.4477152976929744,0.0,74.09375,4.75,4.0,0.39453125,240.4
288.07143292454646,68.77196348669466,5.3055433414524495,0.0007932058536952,62.0859375,5.25,385.4500122070313,0.2109375,1.6231604
292.7154543236931,48.18434306886166,4.448979827379237,0.0,89.310546875,66.25,982.0,134.61328125,0.013495316226558
288.10258176207304,57.79785429081878,3.149666798224444,8.326672684688674e-17,88.677734375,93.0,1059.5,140.3359375,1683.98505882
294.57315426029874,28.13006695536583,3.217063933504459,7.628361297970856e-05,96.5234375,205.0,698.0,40.859375,51.84918486805732
288.6149642632562,54.12634274642098,2.223442964032264,1.30956642591315e-05,89.5859375,203.75,1173.8817138671875,126.75390625,2168.363162999941
290.574762073595,83.78380659977178,1.9815214296833592,4.92634858460482e-05,85.361328125,15.75,358.5,9.14453125,39.76857111
288.6489379439774,56.55002896743196,2.109057449234604,2.115453457244426e-05,89.484375,174.0,1065.1317138671875,114.546875,2168.363162999941
287.43429940886284,82.49857060967368,2.451265335153324,0.0018400013816989,82.3359375,18.0,47.25,4.55859375,37.55612451
291.73619263257007,58.10618591279636,3.385085427312001,0.0,90.615234375,99.0,802.7000122070312,77.3671875,1893.40131326
289.20579903481286,66.56721333626045,2.89030651091495,1.7623758169840742e-06,89.751953125,79.5,1065.699951171875,154.9453125,0.010017006421973
290.30211750795576,73.70488465839176,1.7714720925656122,0.0,87.716796875,27.75,841.9169921875,96.21484375,544.15840913
289.1060828900069,84.7604455638327,3.074284409093396,2.117298724573293e-05,80.873046875,8.0,451.2000122070313,5.01953125,0.162096508074199
286.6868150409811,72.30412200570835,2.4591037317387623,0.0001290742370829,87.099609375,113.25,1120.41015625,118.01171875,410.17783413698265
290.7818862397899,60.55201663682899,4.266489140544346,4.163336342344337e-17,92.72265625,56.0,659.2000122070312,54.79296875,0.223078474047159
288.87264055705106,70.00118507722547,1.2021568324219667,1.343989101940113e-06,82.134765625,18.5,81.0,4.64453125,0.003792480428943
287.1681787028859,58.94653444052978,1.748881434050425,0.0,88.6484375,143.25,1068.1302490234375,100.34375,309.8060863142692
291.3459646198111,62.38616888574129,3.542081096506981,7.897633532512327e-05,85.763671875,10.75,439.7000122070313,17.8515625,13.036552235570504
288.1257083848912,82.71737090028877,2.885907742814419,0.0004934528226783,48.419921875,6.25,288.25,0.3203125,4.85689353
291.28106855329264,82.7715940762394,2.215876080067613,0.0001566939887803,84.0078125,19.25,449.75,10.46875,0.088044654647412
283.6211899657307,47.56513904112876,3.1286882533170304,5.633507993204473e-06,86.697265625,10.25,410.75,0.734375,64.8
285.7731298890867,57.17904942548693,3.285395196657284,0.0007307039718717,88.96875,25.25,116.5,2.0390625,1250.0
285.71186424719,58.27058362096461,3.380473893346835,0.0,88.123046875,27.0,207.75,4.9296875,107.20156992
288.6489379439774,56.55002896743196,2.109057449234604,2.115453457244426e-05,89.484375,174.0,1065.1317138671875,114.546875,2168.363162999941
301.46764306038,42.76287329748869,3.0296672571231773,0.0,94.181640625,61.0,810.75,127.5625,60.522
290.2315513284823,39.03481854881462,3.5929171659779424,8.326672684688674e-17,91.919921875,107.25,1188.25,105.296875,0.050048372642209
269.0299755144634,39.18296035761342,2.8434681801792627,1.108181983569545e-05,88.9921875,6.0,161.25,0.04296875,10.0
283.69991197857183,62.15009361130373,1.7650894850190408,-8.326672684688674e-17,75.07421875,6.75,19.75,1.39453125,60.0
287.00177161461056,47.09174597224531,5.398543858884744,0.0,90.138671875,29.25,248.5,10.24609375,29.31933349
280.02538628601206,59.908675135214224,4.8217948238919375,0.0,42.04296875,0.25,4.75,0.02734375,49.97696318175424
290.9013630504922,61.190797190642,2.00046361381372,0.0016024544440124,91.2265625,24.25,381.75,5.83984375,0.145725719986546
288.6489379439774,56.55002896743196,2.109057449234604,2.115453457244426e-05,89.484375,174.0,1065.1317138671875,114.546875,2168.363162999941
283.66247866495326,61.624065255726826,3.792907666188364,7.251327198225244e-05,85.65202331542969,22.25,217.75,4.40234375,55.10604788
286.6370159907728,76.89331321029545,1.683777217615579,8.326672684688674e-17,87.423828125,34.0,580.7000122070312,30.9921875,2.589345690692868
301.8029122257838,15.914733599584546,2.0430745674503457,0.0,98.216796875,209.0,1223.0,123.859375,240.8418224478341
286.7131671617376,67.70069984933848,1.429967146946135,1.6653345369377348e-16,85.39106750488281,20.0,243.75,8.57421875,12.332512679446722
289.1396691262258,38.50524817425296,4.038739321068248,3.228031775651119e-05,89.576171875,28.5,739.0,137.08984375,0.020032472769492
292.10642015760635,49.68191191538906,3.7886171093257546,8.301782001917529e-05,89.298828125,50.25,927.0,139.31640625,0.055035977705219
290.8207083548174,74.51812823980652,1.912170364297572,5.172074742445382e-05,85.818359375,21.75,478.4709167480469,3.0546875,0.765766840439493
292.5530172988172,65.2030640964931,3.296270955978912,0.0069774172015117,89.30078125,16.25,209.5,1.8125,9.19335727495974
289.5247020122936,65.36996340565913,2.732372524274655,0.0,89.5390625,81.0,1064.199951171875,154.50390625,0.020037000285556
288.56494661407567,62.2725915528878,1.5396615777749874,0.0,88.5076904296875,46.5,292.5882568359375,13.85546875,39.508680010459166
294.8883064281117,86.91887773403907,2.4419884695625225,0.0002286022371911,82.005859375,46.0,523.25,55.03125,334.20245171331123
288.6865753997038,71.50079174093517,1.5814087580350855,1.76196106840866e-05,86.00390625,20.25,222.5,1.59375,0.159999866665743
288.4995980318565,56.94812419119612,3.24338967291543,1.0730200364073017e-06,89.3828125,135.5,919.1399536132812,76.4609375,322.54551154501627
264.06921902258495,55.92028716980684,4.017420162222206,2.096619506404551e-06,85.478515625,8.75,289.0,0.0,35.0
279.1665886658976,51.53566603778467,2.7048801039554555,0.0,89.955078125,11.0,279.6683044433594,0.39453125,135.0
282.04271165753875,74.82712512857451,1.9062314926978787,0.0,83.263671875,10.5,278.45001220703125,1.2109375,0.876522061444224
276.83629182649423,70.42210195982638,1.342102485437254,0.0,82.705078125,5.5,223.5,0.171875,32.0
294.95819404029294,81.54476489306357,5.481784689335238,0.0015673392106376,82.73046875,18.0,265.75,10.4453125,6.58999889
288.3373548651965,60.04746291218009,1.648769572140781,8.122959881777525e-07,89.3671875,50.25,659.9500122070312,36.79296875,0.422251040351482
289.32611063315824,67.44295111959508,4.3301734219560215,0.0001062767451764,89.52734375,101.75,1362.699951171875,142.2890625,21.93436192451754
283.4286272617868,71.73079082789299,2.221453521845392,0.0,85.740234375,90.0,1198.25,132.08203125,0.020040192921293
290.11930052220595,49.98205635753808,2.736388175693589,0.0,92.0625,118.25,699.0,46.29296875,484.4852742168173
284.3382307372992,72.87618267475851,2.848991834307136,1.1259332223512164e-06,88.615234375,44.5,343.0,8.53515625,0.049261023637725
293.0794650620587,69.7327504315251,3.31547690416915,0.0010357293376404,93.12081909179688,66.25,877.6500244140625,79.4140625,352.52392546
286.8453879037464,61.70749502024216,2.8504277485051297,1.6320312559523625e-05,89.53125,184.25,1549.699951171875,151.6953125,0.013492408313599
289.193942999175,78.70277294690457,11.080350098245171,0.0,83.80859375,12.0,204.0,1.49609375,0.195202218356561
280.1352432729116,55.21255559228703,1.994085587565389,0.0,87.015625,11.75,35.45000076293945,0.68359375,48.0
287.33436715911574,76.6822487764301,1.2454273972345946,0.0002648754194673,87.607421875,24.5,217.0,4.44140625,0.57856457152536
281.7451966688099,51.955847482130565,3.485525810008492,-4.163336342344337e-17,78.95703125,11.0,260.45001220703125,5.31640625,97.9185794679578
273.94041871639627,65.38769956902131,3.3056170172123096,0.0007781409632271,82.564453125,3.0,31.25,0.0,19.200000000000003
286.0318460907992,78.6715542296987,4.804806862595715,0.0001578753091275,73.546875,2.0,160.0,2.390625,6.57263099101
293.02789977031483,78.52386131617267,3.794083380573407,0.0093022284313401,85.216796875,19.5,503.5,9.52734375,7.782718637056242
285.45942401702143,76.60714421511425,1.9852378716561272,0.0001034284702884,83.068359375,7.25,398.25,7.921875,1.034569604398337
269.3990137621988,62.78196251626983,4.018705422743184,0.0002661277855168,86.1796875,17.25,417.75,0.0,139.0
291.82858190338146,72.00301262236972,2.0078010287055563,-8.326672684688674e-17,88.78515625,30.5,497.75,55.125,691.9112679739218
294.76419782777043,80.2445560754718,3.202922472178368,0.0001837537280407,74.869140625,26.25,339.44354248046875,19.41796875,13.71754045
286.5402716796343,81.90325627093848,1.902092880967533,3.781197223266808e-06,83.5625,32.5,677.5,19.953125,23.16882493
286.67781055969425,72.17983366393295,2.4456045917084195,0.0001230552312086,87.291015625,114.5,1081.91015625,115.4140625,410.17783413698265
276.183431223715,57.84799811189644,2.3195033078013663,0.0002068629653459,89.4375,26.75,364.25,0.93359375,77.0
287.6562754070025,67.59700030834098,3.918368052650235,0.0003880143134664,85.79296875,40.25,375.25,8.625,2.593206525988124
282.63104266335586,74.2399141220952,1.902958410428263,0.0,84.955078125,14.5,429.1424560546875,12.94140625,4.933164965586468
286.0341037772965,76.18986282448478,2.4227204540458573,4.937952812992044e-05,84.66015625,10.0,182.9499969482422,1.15625,19.5328801256272
286.8453879037464,61.70749502024216,2.8504277485051297,1.6320312559523625e-05,89.53125,184.25,1549.699951171875,151.6953125,0.013492491714228
288.87264055705106,70.00118507722547,1.2021568324219667,1.343989101940113e-06,82.134765625,18.5,81.0,4.64453125,0.007123264805653
287.80202792020793,44.35611330125703,2.699496335251373,0.0,89.48145294189453,37.5,521.2000122070312,26.24609375,1.097353137461099
288.3582414055615,69.23806101588973,2.390678099016213,4.366072745713365e-05,70.38671875,78.0,1283.64892578125,119.9375,0.010012919556279
281.45192622232764,71.58089665789205,2.245834369298695,1.141242537978926e-06,85.353515625,16.75,523.0,81.1953125,0.00781417
290.36408327574645,69.2832635191996,3.067788154055041,0.0,86.60546875,13.0,217.03219604492188,2.6484375,0.779642847310298
284.0300607278895,80.49720005168031,4.237648354807768,0.0001134855992107,71.796875,2.75,14.5,0.9765625,6.37725348368
293.12146763367934,26.912537556006267,2.004437964524192,8.326672684688674e-17,96.28125,128.25,1004.75,70.03125,134.31305221550562
295.52090099920844,76.31918303868795,3.710588617174903,0.0008754946330442,80.32609558105469,7.5,183.4499969482422,1.6875,104.08723735489272
283.18663846824376,68.30298039408255,7.045754226141408,0.0018003471399775,57.748046875,6.5,112.0,0.08203125,2633.5255055
274.11834362191206,44.808444749259074,3.690752348985791,0.0,90.3203125,13.5,319.5,0.16796875,148.0
278.6493081538187,53.4555922848428,3.3485856673570726,0.0,83.341796875,30.25,590.75,3.75390625,178.0
274.6802708269144,79.06717332020911,1.2533076294885837,2.163954300508572e-05,85.52734375,8.75,108.75,0.05078125,6.941922985000001
286.01510008250995,76.01089206702125,2.5742271633013663,0.0,85.7265625,38.25,816.9500122070312,48.05859375,13.908866020171624
281.71510560061205,48.01784887378357,5.611693295285604,0.0026428700912284,87.47265625,6.0,160.9499969482422,0.09765625,425.0
280.9186319480976,76.22101865359383,1.7869085862818086,8.326672684688674e-17,86.146484375,7.5,18.0,0.9609375,19.9886625373
292.6602038356605,64.1640187939407,5.111551230382946,2.083260236686313e-06,86.318359375,40.75,229.75,29.23046875,222.4801884411424
279.8808915550262,86.60069583140152,2.320153841150518,0.013532343423454,26.01171875,7.5,13.5,0.05859375,22.4
273.4418619239504,54.131032147880966,2.863683127406388,1.744534352268734e-06,89.58984375,18.75,357.0,0.0,24.0
290.219812236884,79.97498165471036,4.085073769157038,0.0001055447794375,87.93359375,171.5,699.5,69.6640625,4905.588
289.64480621194457,70.12780247890144,2.157168633531652,0.000113796238613,78.0546875,25.0,494.7000122070313,27.67578125,0.176018572222837
288.56587544342943,50.11846916580992,1.5752575411128111,4.804170932257157e-05,92.365234375,81.75,834.4500122070312,69.0625,2.790991766242452
287.337997404333,62.91858358327486,4.694272209131318,2.507259882377627e-05,83.52734375,33.75,620.7000122070312,29.7890625,1890.01123329
290.41647562161995,88.11455837808603,1.625856370303847,4.8571685231649925e-05,85.763671875,22.25,178.6999969482422,5.1796875,0.45104479247084
292.02635978075983,56.10060853254209,3.605083240784932,0.0,90.943359375,91.0,469.25,55.9609375,109.79903857863044
287.9526179594248,84.20521879298853,3.0135308283991087,0.0030816657829904,87.794921875,19.5,221.9499969482422,2.08984375,0.505645859987207
278.3098515501289,83.70068544960682,1.3014764466442523,0.0060628341747684,31.08203125,5.0,414.75,2.0625,0.3408833800332964
279.1239711112488,51.99663977991482,3.1154499276421146,0.0,86.30859375,10.5,55.0,1.375,8.63406305
292.78873111149795,63.06485244102864,3.102549489777873,0.0005727676001126,88.78125,60.5,403.5,10.5546875,1.80914873
287.1681787028859,58.94653444052978,1.748881434050425,0.0,88.6484375,143.25,1068.1302490234375,100.34375,309.8060863142692
292.84370777208574,53.25385981226481,4.136377739477646,3.817898833531272e-05,90.595703125,39.25,311.5,6.9140625,0.490609554988366
289.2104270397137,69.66843260448171,4.7803422497276165,0.0006168027218313,86.16015625,19.25,699.7737426757812,53.49609375,26.86543976
291.16718833895044,55.79311629395212,4.087136505227759,5.226735693422344e-05,87.796875,17.25,452.75,25.41015625,0.663089517040429
273.34619468177414,59.93848727335635,2.280994239288605,0.0,82.626953125,2.75,228.25,0.00390625,392.0
291.1779739772376,85.72566509819434,2.854203963880344,0.0004428219399032,86.517578125,69.25,351.5,29.5234375,9726.3785532
288.26611901533573,58.76815761945041,3.7001599236315545,0.0,87.38671875,14.5,390.7000122070313,5.890625,0.028279363591449
287.31310494863527,69.19141811915912,1.2461978663313318,0.0003396748874337,86.484375,13.75,338.05401611328125,1.87109375,540.5740615830689
288.3243456482769,59.12742064660599,3.5143733967637503,6.43812021844381e-06,87.111328125,36.75,475.3899536132813,11.24609375,8.501561886258491
283.039071085635,69.60089874399462,2.4056164416465693,0.0002417981250783,70.099609375,10.25,76.75,1.98828125,1470.42391829
278.4849776320001,70.99514432722434,1.93825960467643,2.2660115538176984e-06,84.130859375,23.0,439.5,1.2265625,573.0
270.3895858457414,40.640615847860296,1.9945804508279448,5.13575149930362e-06,89.552734375,3.5,109.3930892944336,0.0,27.0
286.79160486146543,67.93788155832101,1.6948451725364917,8.326672684688674e-17,88.513671875,19.75,395.4536743164063,3.03125,3.748612842815674
289.5247020122936,65.36996340565913,2.732372524274655,0.0,89.5390625,81.0,1064.199951171875,154.50390625,0.020037400307661
286.5898247751414,73.13368107777214,1.749125600336071,0.0013480814915629,86.248046875,19.5,305.25,4.01171875,7.980130845650001
288.6149642632562,54.12634274642098,2.223442964032264,1.30956642591315e-05,89.5859375,203.75,1173.8817138671875,126.75390625,2168.363162999941
290.61472264562184,67.22836970847492,2.458764807474098,8.326672684688674e-17,87.265625,15.5,232.1999969482422,2.3828125,0.765988524161513
284.7083045006919,48.7489432068055,4.602265984707994,0.001986727594407,86.76953125,16.0,260.20001220703125,2.2734375,45.0
291.21804613859445,63.68687981176176,5.291451202180772,0.0,83.85546875,9.5,496.4500122070313,7.4765625,1.53595
288.5970663651879,63.33358545210168,3.263459184456206,4.7608275238374825e-05,90.673828125,75.75,1043.199951171875,157.59765625,0.010016538913397
286.4565709513557,75.38529466170841,1.9874737335779071,1.1316087289298116e-06,82.529296875,8.5,29.75,0.875,253.0529824211989
292.10642015760635,49.68191191538906,3.7886171093257546,8.301782001917529e-05,89.298828125,50.25,927.0,139.31640625,0.051127608430686
289.4161999878117,87.95802557939311,5.059362020147557,0.001115947124579,72.171875,6.5,105.75,1.12109375,0.68179806250634
285.5647928002367,77.34563051989582,1.12341310963358,2.4743841457463417e-05,81.353515625,15.25,352.1471252441406,3.41796875,1.091418037199454
